mask_name,sensor_floors_1based,rank,n_records,n_cases,n_noise_levels,mean_unmon_nrmse,median_unmon_nrmse,worst_unmon_nrmse,std_unmon_nrmse,mean_worst_R2,worst_worst_R2,mean_recon_R2,mean_true_p,worst_true_p,mean_sensor_noise_nrmse
DOF3_DOF8_DOF14_DOF19,"[3, 8, 14, 19]",1,19,19,1,0.0524821613721187,0.0371967186461603,0.2695783010955749,0.055604828260187665,0.9488279199332775,0.8008650322699052,0.9905114006137828,0.0006043453678629157,0.0021916872356086,0.0
DOF3_DOF8_DOF14_DOF18,"[3, 8, 14, 18]",2,19,19,1,0.0536656726602194,0.0364635655776763,0.277318441866422,0.058031310531710165,0.95042902739238,0.8027069204553086,0.9904035623840087,0.0006340336750374332,0.0025240168906748,0.0
DOF3_DOF8_DOF14_DOF20,"[3, 8, 14, 20]",3,19,19,1,0.0544642583883805,0.0356878376162608,0.2723132781362816,0.05670770525838203,0.9494135964325704,0.7999487075144455,0.9903784018652548,0.0006858781968108183,0.0039164088666439,0.0
DOF3_DOF8_DOF13_DOF18,"[3, 8, 13, 18]",4,19,19,1,0.054513004561964486,0.0361723854616349,0.2889797304376595,0.060511545875005894,0.9503821397264645,0.8114875027253132,0.9903725643090553,0.0006763776216661718,0.002683030674234,0.0
DOF3_DOF8_DOF13_DOF19,"[3, 8, 13, 19]",5,19,19,1,0.05549536508390074,0.0381139505245223,0.2883995118994325,0.059918060419988685,0.9486867179428378,0.811421297517794,0.989951397749445,0.0007394306496854515,0.0034935837611556,0.0
DOF2_DOF7_DOF13_DOF18,"[2, 7, 13, 18]",6,19,19,1,0.0563167170038245,0.0389917573396927,0.3254633573949914,0.06850550349884045,0.9744058726237066,0.7483715143048575,0.991843588973849,0.0006873238662113293,0.0030161931645125,0.0
DOF3_DOF9_DOF14_DOF19,"[3, 9, 14, 19]",7,19,19,1,0.05643872832362258,0.0380911973553833,0.261033802780865,0.05365363069858588,0.9478719010184447,0.7962213124229442,0.9896725817722432,0.0007668295599470627,0.0044038351625204,0.0
DOF3_DOF8_DOF12_DOF18,"[3, 8, 12, 18]",8,19,19,1,0.05650884234855705,0.0365647823786339,0.3128247507757545,0.0655177843212784,0.9485324119286853,0.7628697669277721,0.9898734338487484,0.0006242940645805564,0.0019951052963733,0.0
DOF3_DOF9_DOF13_DOF19,"[3, 9, 13, 19]",9,19,19,1,0.05655878869383008,0.0417090853537465,0.2850041656657392,0.058612205926936514,0.9458138635304657,0.7957844985845122,0.9892863331835973,0.000684349521562591,0.0036834508646279,0.0
DOF2_DOF7_DOF13_DOF19,"[2, 7, 13, 19]",10,19,19,1,0.05663663492173489,0.039424856036581,0.3259729476151301,0.06830716678283669,0.9780065669586758,0.7458232472133973,0.9919528944857149,0.0006377336675971713,0.0026511368341743,0.0
DOF3_DOF9_DOF14_DOF20,"[3, 9, 14, 20]",11,19,19,1,0.05670284183977725,0.0402188569389092,0.2638150352754407,0.0542581339264722,0.9483632999330572,0.7961961042568482,0.9896321647831722,0.0007803669780657759,0.0036179714370518,0.0
DOF3_DOF9_DOF14_DOF18,"[3, 9, 14, 18]",12,19,19,1,0.05822636763751678,0.0396772505770846,0.2690889131152133,0.05632110937901583,0.9497893917272529,0.7963112023987422,0.9896423360477954,0.0008202330381639693,0.0052838381379842,0.0
DOF4_DOF9_DOF15_DOF19,"[4, 9, 15, 19]",13,19,19,1,0.05860911181120385,0.0464128668420539,0.2633335153026939,0.051251688010958175,0.7346569859487726,0.5046837123886561,0.9686716368600825,0.0003723111654643656,0.0013813533587381,0.0
DOF3_DOF9_DOF15_DOF19,"[3, 9, 15, 19]",14,19,19,1,0.05871052414987817,0.041506673463607,0.2644532157807331,0.05601355839845282,0.942265691980048,0.793406872014983,0.9886746900597722,0.0009551318653393129,0.0086374245584011,0.0
DOF3_DOF8_DOF13_DOF17,"[3, 8, 13, 17]",15,19,19,1,0.0590499126140651,0.0411264319889491,0.311447160362942,0.06444862647503857,0.9449264968607891,0.7056379706241412,0.9899581298380058,0.0005328450700433263,0.0022620621602982,0.0
DOF2_DOF8_DOF13_DOF19,"[2, 8, 13, 19]",16,19,19,1,0.05907387806827223,0.0397575753411734,0.3073710320714036,0.06350648684501567,0.9817207855865112,0.8152510543217367,0.9920350235506108,0.0008230706631652791,0.0031377535779029,0.0
DOF2_DOF8_DOF14_DOF19,"[2, 8, 14, 19]",17,19,19,1,0.059388820005113675,0.0447531230523857,0.2902610502590923,0.060174461749525864,0.978063111447554,0.7946353031515955,0.9918551336100461,0.0009410836811232195,0.0041437246836721,0.0
DOF4_DOF9_DOF14_DOF19,"[4, 9, 14, 19]",18,19,19,1,0.05938988920395775,0.0450694486264018,0.2603428912537608,0.05083214717347512,0.7380760413708757,0.5055853077083132,0.9689626423449376,0.0004937964825473895,0.0024526782799512,0.0
DOF2_DOF8_DOF14_DOF18,"[2, 8, 14, 18]",19,19,19,1,0.05949788045462209,0.0388743907052778,0.2970554042983499,0.061764515513562,0.9772651663511221,0.7965189651797735,0.9917753214378248,0.0008873888126751696,0.0035445583052933,0.0
DOF2_DOF9_DOF14_DOF19,"[2, 9, 14, 19]",20,19,19,1,0.059819131094043194,0.0431299382953421,0.288706831482497,0.059635225077665964,0.9753638437742177,0.7851847148772508,0.9913080944399196,0.0007377584414298879,0.0037524981889873,0.0
DOF3_DOF8_DOF15_DOF19,"[3, 8, 15, 19]",21,19,19,1,0.05988682835290344,0.0424984497628249,0.2751213785860584,0.057177920378241986,0.9489803823413407,0.7652666032930513,0.9896158549322943,0.0008294366673094109,0.0059536327607929,0.0
DOF4_DOF8_DOF14_DOF19,"[4, 8, 14, 19]",22,19,19,1,0.06010857920990756,0.0461280343106282,0.2750889586888112,0.05388380275415737,0.7458571896800651,0.5069907046510455,0.9695377327552159,0.0005238827633499526,0.0018663747468963,0.0
DOF2_DOF9_DOF15_DOF19,"[2, 9, 15, 19]",23,19,19,1,0.060337237573758355,0.0415081813778553,0.2909715337494398,0.060172694937167454,0.9720863047809409,0.7843461437061593,0.9908950943081457,0.0006815745305892946,0.0030302645172923,0.0
DOF3_DOF8_DOF13_DOF20,"[3, 8, 13, 20]",24,19,19,1,0.0604168569786879,0.0447666523702557,0.2964715434026294,0.06083385235491104,0.9493718356186065,0.7946545109993188,0.9897496916877169,0.0008066994066067843,0.0042850878089666,0.0
DOF3_DOF7_DOF13_DOF19,"[3, 7, 13, 19]",25,19,19,1,0.06081339009479563,0.0424072701106529,0.3190585502055929,0.06680797088980744,0.9422918259617138,0.7570353679399526,0.9882119948608391,0.000987510184227369,0.0057685957290232,0.0
DOF3_DOF8_DOF15_DOF20,"[3, 8, 15, 20]",26,19,19,1,0.06109671829152021,0.044821164698569,0.275705583423562,0.056270877483112075,0.9472192983707155,0.7647349193834065,0.9895782724789277,0.0008309340923197011,0.0031580084469169,0.0
DOF4_DOF8_DOF13_DOF19,"[4, 8, 13, 19]",27,19,19,1,0.06111405036461304,0.0455619547991458,0.2939010963830556,0.05836972527664851,0.7432068897931425,0.5079810466851831,0.9690981596078707,0.0005631094429286105,0.0031433964613825,0.0
DOF2_DOF9_DOF14_DOF20,"[2, 9, 14, 20]",28,19,19,1,0.06112277632620925,0.0456488788261174,0.2916171107798267,0.05970492250872585,0.9725027165231196,0.7850134663863851,0.9910983190536069,0.0007532878493963258,0.0026283955667167,0.0
DOF3_DOF9_DOF15_DOF20,"[3, 9, 15, 20]",29,19,19,1,0.06126636983404549,0.0424790423939831,0.2648220890344081,0.05456293297838201,0.9449604366192803,0.7933990835637497,0.9888205291422646,0.0009771613170557725,0.0058093876577913,0.0
DOF4_DOF7_DOF13_DOF19,"[4, 7, 13, 19]",30,19,19,1,0.0613352217658647,0.0439997372374416,0.3254205583481634,0.06586839478678416,0.7547415705454757,0.527145011786434,0.969589039807408,0.00047709930406290006,0.0031461003236472,0.0
DOF4_DOF9_DOF14_DOF20,"[4, 9, 14, 20]",31,19,19,1,0.061820978427131405,0.0452000334489507,0.2631725500741149,0.05232463389751071,0.7348355632134981,0.5052997250330353,0.968308698089275,0.0006608272225620053,0.0042433724738657,0.0
DOF2_DOF7_DOF13_DOF17,"[2, 7, 13, 17]",32,19,19,1,0.06185050490395636,0.0442247555440057,0.3437590832014465,0.07238923676995823,0.9723207398704053,0.7022331825002573,0.9914171255780005,0.0006250250851639256,0.0035380057524889,0.0
DOF2_DOF7_DOF14_DOF19,"[2, 7, 14, 19]",33,19,19,1,0.06185733846528483,0.0459226361590097,0.3179218123365419,0.06610900606429587,0.9656039033955842,0.6934654594155343,0.990765599546612,0.000869944870110405,0.0057800719514489,0.0
DOF2_DOF9_DOF13_DOF19,"[2, 9, 13, 19]",34,19,19,1,0.061953931181224185,0.0436944941267377,0.3099645428521537,0.0640472635808817,0.9741190905987116,0.788625143307354,0.9907654864426753,0.0007429679298135572,0.0033643434289842,0.0
DOF3_DOF10_DOF14_DOF19,"[3, 10, 14, 19]",35,19,19,1,0.061985512554031584,0.0499729044224072,0.2787630331296041,0.056213531051377746,0.9445854334389714,0.7745836037851487,0.9880142235710112,0.0006196497901997915,0.0024710847064852,0.0
DOF4_DOF8_DOF14_DOF18,"[4, 8, 14, 18]",36,19,19,1,0.06228883114275106,0.0433550880332209,0.282728750323359,0.05702992952294409,0.739852369003839,0.5071188701794456,0.968697089138674,0.0007250213886053105,0.0051327128894627,0.0
DOF2_DOF7_DOF13_DOF20,"[2, 7, 13, 20]",37,19,19,1,0.06246669400636536,0.0451440692064211,0.3332767951625817,0.0687484026051755,0.9718882554928875,0.7439710616797742,0.9910805472974854,0.0008172383122176431,0.0028487867675721,0.0
DOF1_DOF7_DOF13_DOF19,"[1, 7, 13, 19]",38,19,19,1,0.06249493681021567,0.0432791675638046,0.3444596146516026,0.07229434098690289,0.9786261869408556,0.7361251059784252,0.990425242335937,0.0009290242177436986,0.0044578020460903,0.0
DOF2_DOF7_DOF12_DOF19,"[2, 7, 12, 19]",39,19,19,1,0.06275002168871273,0.0439146103331656,0.3486951890474688,0.0727455621841847,0.9729124433309854,0.6888368776474285,0.9910999921102206,0.000802050260015064,0.0045532714575529,0.0
DOF3_DOF10_DOF14_DOF20,"[3, 10, 14, 20]",40,19,19,1,0.06297403135176885,0.0505882211969618,0.2815381287005785,0.0566766430434607,0.9450115058465968,0.77419386633678,0.9879159862529662,0.0006923839225093309,0.0032524727284908,0.0
DOF1_DOF8_DOF14_DOF18,"[1, 8, 14, 18]",41,19,19,1,0.06299982146122211,0.0443516202731645,0.3313051778425406,0.06904620503166481,0.9718424431127217,0.7384203307560876,0.989661788885114,0.0009004371390083214,0.0038615048397332,0.0
DOF2_DOF8_DOF14_DOF20,"[2, 8, 14, 20]",42,19,19,1,0.06302032679314108,0.0423355028101273,0.293076713655604,0.06119088923736797,0.975008157928176,0.7936103454610267,0.9914166950416559,0.0011139424719945486,0.0049612233415246,0.0
DOF1_DOF8_DOF14_DOF19,"[1, 8, 14, 19]",43,19,19,1,0.06361334467177265,0.0466178821290168,0.3257387597667636,0.06742495857592141,0.9725285591145425,0.7384288564177625,0.9897413024498589,0.0009415414158291082,0.0042025875300168,0.0
DOF1_DOF8_DOF13_DOF19,"[1, 8, 13, 19]",44,19,19,1,0.06365762130044933,0.0436300143621902,0.3407045322569333,0.0712979313615535,0.9709323883822791,0.739127616553592,0.9893888685182489,0.0010543253897354879,0.0051061608828604,0.0
DOF4_DOF8_DOF14_DOF20,"[4, 8, 14, 20]",45,19,19,1,0.06366058761779389,0.0465929766685946,0.2778858773753566,0.05530982263726765,0.7409642507254722,0.5071557071039514,0.9687003307824797,0.0007518800461854316,0.0040171169675886,0.0
DOF3_DOF8_DOF12_DOF19,"[3, 8, 12, 19]",46,19,19,1,0.06386670555965153,0.0486070408320076,0.3256916838236268,0.06714150704472781,0.9405929634142622,0.7048208448400594,0.9885686963903146,0.0008846210058483949,0.0030857687816023,0.0
DOF3_DOF10_DOF14_DOF18,"[3, 10, 14, 18]",47,19,19,1,0.0639472159687107,0.0474650593358771,0.2857182023430956,0.05856834545783941,0.9416465614691214,0.7748931045544909,0.9874543236530634,0.0007845065920264043,0.0049108993262052,0.0
DOF4_DOF8_DOF15_DOF19,"[4, 8, 15, 19]",48,19,19,1,0.06409490892725027,0.0495088491723077,0.280701597218298,0.05494505837897222,0.7471389755358918,0.5069542395025672,0.9689695024542103,0.0005595979964709316,0.0032425089739263,0.0
DOF3_DOF10_DOF15_DOF19,"[3, 10, 15, 19]",49,19,19,1,0.06422892721177942,0.0481524923668682,0.2795851372651204,0.05668142572142708,0.9379630653702106,0.7681080520439921,0.9871246172133689,0.000820831518611025,0.0043782917782664,0.0
DOF2_DOF8_DOF13_DOF20,"[2, 8, 13, 20]",50,19,19,1,0.06457284978946372,0.044914999070944,0.3150475104036165,0.06403081079385656,0.9756326541419417,0.7940414874131918,0.9913245078091079,0.0009675371900237104,0.0031638513319194,0.0
DOF3_DOF7_DOF14_DOF19,"[3, 7, 14, 19]",51,19,19,1,0.06466769374367716,0.0448693863796639,0.3103133139876146,0.06414215215314992,0.9413200969282018,0.6975323289612905,0.9878901243203023,0.0011192935727242,0.0046690725721418,0.0
DOF2_DOF8_DOF15_DOF19,"[2, 8, 15, 19]",52,19,19,1,0.06480457922121641,0.0491165803039546,0.2951419064218703,0.0608824278042909,0.96891410875719,0.7599707116978816,0.9904960282962932,0.001132362006357698,0.0048918789252638,0.0
DOF3_DOF7_DOF14_DOF20,"[3, 7, 14, 20]",53,19,19,1,0.06512716230570333,0.0466381718109866,0.3131927743679438,0.06457907139546412,0.9461737328823271,0.6967798618806433,0.9883340830954473,0.0009692896645374841,0.0061037829145789,0.0
DOF4_DOF10_DOF14_DOF19,"[4, 10, 14, 19]",54,19,19,1,0.06545246041506353,0.0497279134317375,0.2725678412345576,0.05255237342431829,0.727209548883287,0.5015018248838268,0.9663437688048128,0.0005671023636271632,0.0018483097665011,0.0
DOF3_DOF10_DOF15_DOF20,"[3, 10, 15, 20]",55,19,19,1,0.06555154946992132,0.0553264072394623,0.2804008397711667,0.05602882502249588,0.944788788617947,0.7679150288004533,0.9876946517111799,0.0007544569334161878,0.0027655174490064,0.0
DOF1_DOF8_DOF14_DOF20,"[1, 8, 14, 20]",56,19,19,1,0.06619426477093475,0.0461851138207002,0.3286809006423499,0.0682214913524189,0.9724120229903676,0.7385487493538506,0.9893711171011047,0.001122828809648575,0.0044750506058335,0.0
DOF3_DOF9_DOF16_DOF20,"[3, 9, 16, 20]",57,19,19,1,0.06655377945002561,0.0456846613995728,0.2922900984630249,0.0600452105837503,0.9429927666621113,0.7831706553007886,0.9876637839020139,0.0010072687414082225,0.0066287112422287,0.0
DOF3_DOF9_DOF13_DOF20,"[3, 9, 13, 20]",58,19,19,1,0.06693049964473874,0.0446152948313105,0.2926483406404872,0.060180569787167924,0.9456658985663545,0.7960594436947643,0.9883582081835375,0.0011280883141137226,0.004940356593579,0.0
DOF2_DOF8_DOF12_DOF19,"[2, 8, 12, 19]",59,19,19,1,0.06743268964482489,0.0448141322201158,0.3415470429523823,0.07031930754839598,0.9728089880356512,0.7032785133048107,0.9904632113733574,0.0010392419089360527,0.0037201265804469,0.0
DOF4_DOF8_DOF13_DOF20,"[4, 8, 13, 20]",60,19,19,1,0.06752079169176274,0.0527014834228347,0.3019388660725223,0.05937874210695678,0.7413364978402524,0.5083428082355361,0.9682271211828353,0.0008126427005902474,0.0037221750244498,0.0
DOF3_DOF8_DOF12_DOF20,"[3, 8, 12, 20]",61,19,19,1,0.06778525169709013,0.0508768387793283,0.342566845118906,0.06924196003153558,0.9373479263042469,0.670327998509795,0.9879357385238076,0.0008002134232618912,0.0029185155872255,0.0
DOF4_DOF8_DOF15_DOF20,"[4, 8, 15, 20]",62,19,19,1,0.06817836017873843,0.0522243245555415,0.2813407755730374,0.05544139513362352,0.7391076066883372,0.5068366936849587,0.9679058712797741,0.0008137292959298052,0.0046672062017023,0.0
DOF3_DOF7_DOF14_DOF18,"[3, 7, 14, 18]",63,19,19,1,0.06826272598405798,0.0481165075619238,0.3165719059855312,0.06604645902644932,0.9364896086285665,0.699660232204816,0.9871255170296153,0.0013383574650536682,0.0063282959163188,0.0
DOF4_DOF10_DOF14_DOF20,"[4, 10, 14, 20]",64,19,19,1,0.06834686079651474,0.0526552355959977,0.275296424804493,0.053706318543492226,0.721390943654872,0.5016851331335639,0.9657001192167255,0.0007488217272207117,0.0040268930606544,0.0
DOF2_DOF7_DOF11_DOF19,"[2, 7, 11, 19]",65,19,19,1,0.06882046518647829,0.0468658192867831,0.3864215498888016,0.07972195292028784,0.9556288250248481,0.5618341390859316,0.9891108310564505,0.0006960373460682459,0.0038483613170683,0.0
DOF2_DOF10_DOF14_DOF19,"[2, 10, 14, 19]",66,19,19,1,0.07028039202193093,0.0546013358081036,0.3071198095117451,0.06235587477899874,0.9633084154534686,0.7158026765533614,0.9883860048874223,0.0007749631863828414,0.0034789072815328,0.0
DOF2_DOF7_DOF15_DOF19,"[2, 7, 15, 19]",67,19,19,1,0.07030852854139147,0.0501902621815769,0.3275267168869196,0.06738977334380898,0.9669631200785901,0.6412160035007034,0.9897872740813828,0.0009292107664039107,0.0039837416261434,0.0
DOF1_DOF8_DOF15_DOF19,"[1, 8, 15, 19]",68,19,19,1,0.07059737782257913,0.0493668953694691,0.3298167043495521,0.06819083323049978,0.9726646559985216,0.7387716237465956,0.9887551410440607,0.0012065163081339894,0.0046828263439238,0.0
DOF1_DOF9_DOF14_DOF19,"[1, 9, 14, 19]",69,19,19,1,0.07111682714074441,0.054924943263155,0.3349846891841208,0.06905130397903271,0.9599729229741125,0.661195776775223,0.9871746588896653,0.0010924835995338618,0.0040827561169862,0.0
DOF1_DOF9_DOF14_DOF20,"[1, 9, 14, 20]",70,19,19,1,0.07126626395537934,0.0509493248775057,0.3380744620447616,0.06889726835611969,0.9591474565085427,0.6609749382546088,0.9870080458112749,0.001200624737018484,0.0051554292440414,0.0
DOF1_DOF9_DOF15_DOF19,"[1, 9, 15, 19]",71,19,19,1,0.07179412427473027,0.05753578855551,0.3366617436369643,0.06941657279192966,0.9595914669792973,0.66065274421959,0.986894621645083,0.0011161179810235105,0.0048302481882274,0.0
DOF3_DOF8_DOF16_DOF20,"[3, 8, 16, 20]",72,19,19,1,0.07238385158518994,0.0522687554679321,0.3036771081031251,0.0626507113506256,0.9398067670054298,0.7211467101930953,0.9871820760971858,0.0011510023641197386,0.0086437305435538,0.0
DOF3_DOF10_DOF13_DOF20,"[3, 10, 13, 20]",73,19,19,1,0.07244879211778407,0.0550990691707785,0.3079634576040232,0.06264725520713081,0.9443002765053412,0.7847607385900517,0.9864944727244463,0.0011044153537735559,0.0069995010271668,0.0
DOF2_DOF6_DOF13_DOF19,"[2, 6, 13, 19]",74,19,19,1,0.07274583387598006,0.0511249076738339,0.3652165272625685,0.0768605575407177,0.962375953872941,0.6197605653709295,0.9875653803076572,0.0016109320956609649,0.0116387931630015,0.0
DOF3_DOF7_DOF15_DOF19,"[3, 7, 15, 19]",75,19,19,1,0.07358733190879418,0.0567859022589606,0.3202821038351616,0.06534279255767314,0.9360705281042984,0.6449617816895521,0.9862322179373265,0.001222775372872563,0.0074436534196138,0.0
DOF3_DOF9_DOF12_DOF20,"[3, 9, 12, 20]",76,19,19,1,0.07455467051584941,0.0596226211642813,0.3433371145007376,0.06867457142274434,0.9317113976242846,0.6818110956380069,0.9861190527961483,0.0011134977045768762,0.0047895852476358,0.0
DOF4_DOF10_DOF13_DOF20,"[4, 10, 13, 20]",77,19,19,1,0.07502100261159869,0.0593347320044021,0.3024809547770511,0.058797868163587994,0.7256807447093889,0.502122301932322,0.9650437953877786,0.0009351869268452685,0.004728770814836,0.0
DOF3_DOF6_DOF14_DOF20,"[3, 6, 14, 20]",78,19,19,1,0.07540377819757357,0.0590460489486642,0.3743058347710167,0.07713121976821904,0.9305378273353675,0.5315342771761522,0.984589043634899,0.000971924091381371,0.0070124240592122,0.0
DOF2_DOF5_DOF13_DOF19,"[2, 5, 13, 19]",79,19,19,1,0.0757267000242212,0.0559223059500455,0.4150186969663199,0.08580561450797085,0.9588154608485274,0.4733658783102301,0.9863230141193986,0.0005700239616041334,0.0020455026533454,0.0
DOF2_DOF10_DOF13_DOF19,"[2, 10, 13, 19]",80,19,19,1,0.07606729805455827,0.0607009345558072,0.3269040640141676,0.06619838597625392,0.9612238895349525,0.718296843681021,0.9869768560870007,0.0011606565684288035,0.0064159175381064,0.0
DOF3_DOF11_DOF15_DOF19,"[3, 11, 15, 19]",81,19,19,1,0.07652670537832151,0.0636811272253485,0.3210567704776927,0.065241596055038,0.9348994601546818,0.6489851708046579,0.9835072320541566,0.0009854405817397687,0.0078846579417586,0.0
DOF2_DOF8_DOF11_DOF19,"[2, 8, 11, 19]",82,19,19,1,0.07725210218886809,0.0582877681158932,0.3872519388628352,0.07907774574888395,0.9640533850562283,0.5709256105574443,0.9881722727438351,0.0011840657584558719,0.00579584389925,0.0
DOF3_DOF11_DOF14_DOF20,"[3, 11, 14, 20]",83,19,19,1,0.08035264981915088,0.0622155297332022,0.3220972219625088,0.06597195618490673,0.9346741999328878,0.6540658741509088,0.9830821676567462,0.001285159241601067,0.0104660233482718,0.0
DOF2_DOF6_DOF14_DOF19,"[2, 6, 14, 19]",84,19,19,1,0.08129632929949175,0.0610123419907186,0.3692467845084617,0.07797169392284158,0.9561568447212122,0.5278700251816733,0.9859648424357349,0.001994730048815957,0.0186453927308321,0.0
DOF3_DOF9_DOF17_DOF20,"[3, 9, 17, 20]",85,19,19,1,0.08148920519349001,0.0625415828847487,0.347924996252803,0.07085531163737017,0.9332621330523124,0.6854204936560355,0.9845079587867218,0.0012843836616650696,0.0093065705150365,0.0
DOF2_DOF8_DOF16_DOF19,"[2, 8, 16, 19]",86,19,19,1,0.0815413080641224,0.06609627342722,0.3200496405297547,0.06676580841214383,0.9684281918728426,0.7199181624960034,0.9881012723827283,0.0017435049793627351,0.0113952411338686,0.0
DOF3_DOF8_DOF11_DOF20,"[3, 8, 11, 20]",87,19,19,1,0.08530268829503163,0.0609325896367271,0.4005621652354171,0.08078638774097659,0.9310780008216273,0.5099145269049741,0.9845978056527201,0.0013471546266564458,0.0048572439700365,0.0
DOF2_DOF11_DOF14_DOF19,"[2, 11, 14, 19]",88,19,19,1,0.08576335956131192,0.0702555885673679,0.3447754965568333,0.06946929986237683,0.9469269385272311,0.6147087931862703,0.9834332930044987,0.0008813509174566988,0.0043619181960821,0.0
DOF3_DOF8_DOF17_DOF20,"[3, 8, 17, 20]",89,19,19,1,0.08603565885150367,0.0632985716624148,0.3600324857763459,0.07193234099439758,0.941495014798029,0.6373285446817416,0.9849658434667111,0.0009675559872687435,0.0040807132609188,0.0
DOF2_DOF7_DOF10_DOF19,"[2, 7, 10, 19]",90,19,19,1,0.08724219977755192,0.0609892316536991,0.4302329664391647,0.0871955125962076,0.9565994061961135,0.4684930351628644,0.9860309565270209,0.0013250733126800088,0.0067508546635508,0.0
DOF2_DOF5_DOF14_DOF19,"[2, 5, 14, 19]",91,19,19,1,0.08842943200372448,0.0687321921489797,0.4299402691002557,0.08726995172281171,0.9447881992015552,0.3872946385781599,0.9830302555776611,0.0007474175997087199,0.0030300519429147,0.0
DOF2_DOF7_DOF16_DOF19,"[2, 7, 16, 19]",92,19,19,1,0.08881645058807128,0.070434728165082,0.3514589749542245,0.07134770577129149,0.9465862223653498,0.604474293027333,0.9858018971574715,0.0015755614224058092,0.0084237931296229,0.0
DOF5_DOF9_DOF14_DOF20,"[5, 9, 14, 20]",93,19,19,1,0.08968624562194623,0.0756403933782921,0.2900619434159706,0.04989941468584108,0.19725202246935547,0.086033786586786,0.8982147605743044,0.0005919608351847631,0.0024902748409658,0.0
DOF5_DOF9_DOF15_DOF19,"[5, 9, 15, 19]",94,19,19,1,0.0901626296463535,0.0730060547100199,0.2901529515081941,0.05080550225189669,0.18325413277278146,0.0288247002475765,0.8972066869125694,0.0007158587441631947,0.0051175360567867,0.0
DOF5_DOF9_DOF14_DOF19,"[5, 9, 14, 19]",95,19,19,1,0.0909016171960485,0.072483365896402,0.287130880566159,0.050422802420805504,0.1894312954837898,0.0592550684378648,0.8963126343548378,0.000825780664423521,0.0051268581300973,0.0
DOF2_DOF5_DOF8_DOF19,"[2, 5, 8, 19]",96,19,19,1,0.11280126906394844,0.0862116061358934,0.4917394485409336,0.09601738980349098,0.9363202109433565,0.3554272042541311,0.9792652180329602,0.0010630848865777825,0.0031441503670066,0.0
DOF3_DOF6_DOF9_DOF20,"[3, 6, 9, 20]",97,19,19,1,0.11423605293470203,0.0873344563616046,0.5057589698436898,0.09959093057006227,0.9052630023223448,0.3052264034047741,0.9759478684770851,0.0017267222168524012,0.0150611447170376,0.0
DOF2_DOF13_DOF16_DOF19,"[2, 13, 16, 19]",98,19,19,1,0.1328341626744035,0.1138825723118073,0.4742871504223464,0.09444278611830724,0.9034149489779827,0.3041185504978398,0.9656182237849892,0.001640987012682331,0.0080324141308665,0.0
DOF3_DOF14_DOF17_DOF20,"[3, 14, 17, 20]",99,19,19,1,0.13898347533248084,0.1172715397107687,0.5189371940205239,0.10260716295640714,0.8914441333069782,0.1746438769019509,0.9618195480052654,0.0016121829244901975,0.013252948410809,0.0
