sensor_tuple,mask_name,sensor_floors_1based,n_train_cases,fitness,score,mean_unmon_nrmse,worst_unmon_nrmse,mean_true_p,mean_worst_R2,worst_worst_R2,elapsed_sec
"[2,8,14,19]",DOF3_DOF9_DOF15_DOF20,"[3, 9, 15, 20]",6,5.531579265405102,0.1807801989295427,0.0867441562009484,0.2684359000198785,0.0016695544327376,0.7882916208760049,0.609819671411193,8.726621627807617
"[2,8,14,18]",DOF3_DOF9_DOF15_DOF19,"[3, 9, 15, 19]",6,5.495077479901613,0.1819810555268839,0.0880668664989758,0.2679673862523093,0.0025120767919967,0.6799620151685505,0.3589971677606607,9.41889476776123
"[2,8,13,18]",DOF3_DOF9_DOF14_DOF19,"[3, 9, 14, 19]",6,5.4341791483606,0.1840204330209189,0.0911144923749946,0.2651133725678992,0.0023252049431903,0.760132543676982,0.6259498828304785,9.328425407409668
"[2,8,13,19]",DOF3_DOF9_DOF14_DOF20,"[3, 9, 14, 20]",6,5.423656248981638,0.1843774668024617,0.0904757908298576,0.2679287403278998,0.0025323371567841,0.739415044709979,0.5389128677131793,9.186758518218994
"[2,7,13,19]",DOF3_DOF8_DOF14_DOF20,"[3, 8, 14, 20]",6,5.358254552736974,0.1866279382870763,0.0897849877995196,0.2762263938012066,0.0032742531426871,0.5911301171841035,0.0809331645240113,14.880405187606812
"[2,7,13,18]",DOF3_DOF8_DOF14_DOF19,"[3, 8, 14, 19]",6,5.331066990976511,0.1875797099693724,0.0917336708134995,0.2733628766669323,0.0033806464489316,0.5853864917511884,0.0337077688973814,9.415003061294556
"[3,8,13,19]",DOF4_DOF9_DOF14_DOF20,"[4, 9, 14, 20]",6,5.287545397979584,0.1891236717091489,0.0955666446038934,0.2671457334737114,0.0011204077891306,0.7094917587157505,0.4971888363061546,8.919827699661255
"[1,7,13,18]",DOF2_DOF8_DOF14_DOF19,"[2, 8, 14, 19]",6,5.22783102336272,0.1912839178477383,0.0882084097453977,0.2944022154234285,0.0006946540828115,0.943507286462237,0.7915820478382005,8.899302959442139
"[3,9,13,18]",DOF4_DOF10_DOF14_DOF19,"[4, 10, 14, 19]",6,5.218033176033733,0.1916430896966603,0.0948630381308952,0.2764381752827211,0.0005338043362523,0.7016809524750262,0.4925510292229055,9.190011024475098
"[3,9,13,19]",DOF4_DOF10_DOF14_DOF20,"[4, 10, 14, 20]",6,5.20648816090784,0.1920680445416448,0.0942987041218955,0.2792701542252336,0.0004957288183504,0.7018827393725587,0.4927404743459909,9.122082710266112
"[3,7,13,18]",DOF4_DOF8_DOF14_DOF19,"[4, 8, 14, 19]",6,5.182791019178269,0.1929462323088935,0.0954152319706867,0.2785315479731295,0.0008991709522282,0.7193478561675639,0.4990266290634499,8.728284358978271
"[3,7,13,19]",DOF4_DOF8_DOF14_DOF20,"[4, 8, 14, 20]",6,5.145804763579806,0.1943330627451127,0.0957800439974802,0.2814437475521325,0.0009541420877212,0.7193755973834485,0.4992355741685073,10.251392602920532
"[1,7,13,19]",DOF2_DOF8_DOF14_DOF20,"[2, 8, 14, 20]",6,5.102715508503756,0.195974084451383,0.0918679867382215,0.2973134269660145,0.0009279655011293,0.9383461037290748,0.7907289927589963,9.314929246902466
"[2,9,14,19]",DOF3_DOF10_DOF15_DOF20,"[3, 10, 15, 20]",6,5.0951249211582565,0.1962660416513553,0.0966778348767959,0.2841260660203137,0.0028816733489899,0.6623942963192087,0.2780756391347445,8.693346738815308
"[2,7,12,18]",DOF3_DOF8_DOF13_DOF19,"[3, 8, 13, 19]",6,5.081465754384006,0.1967936119872842,0.0943265769990472,0.2923351630686742,0.0029945582840203,0.6481159369142486,0.3118028929718864,8.91567587852478
"[2,9,13,19]",DOF3_DOF10_DOF14_DOF20,"[3, 10, 14, 20]",6,5.060754788223475,0.1975989831244083,0.0974091221302834,0.2857464662680499,0.0035719560061503,0.5700068209754281,0.006163260713733,9.363817930221558
"[2,7,14,18]",DOF3_DOF8_DOF15_DOF19,"[3, 8, 15, 19]",6,5.042273964887952,0.1983232182460715,0.1005893251277522,0.2787606508145269,0.0033533066646972,0.60533806732569,0.1414458501946794,8.866831064224243
"[3,7,14,19]",DOF4_DOF8_DOF15_DOF20,"[4, 8, 15, 20]",6,5.002437505751031,0.1999025472772727,0.1002127663533187,0.2847210651402431,0.0007481624973782,0.7196668323405343,0.4990836178415647,8.838679313659668
"[2,7,12,19]",DOF3_DOF8_DOF13_DOF20,"[3, 8, 13, 20]",6,4.983113223585489,0.2006777600922117,0.0953064269211247,0.3005750284296762,0.0034014644140067,0.5613914035769311,0.2263912480319231,8.955292701721191
"[3,7,12,18]",DOF4_DOF8_DOF13_DOF19,"[4, 8, 13, 19]",6,4.861742524013109,0.205687568820426,0.101527163300069,0.2974374314287187,0.0011460904061095,0.7192917622495226,0.5002223684823635,9.164701223373411
"[1,7,12,19]",DOF2_DOF8_DOF13_DOF20,"[2, 8, 13, 20]",6,4.860723104090811,0.2057307068476157,0.0938465995955325,0.3195210980028715,0.0010344590215633,0.93106085810633,0.7889770754253532,8.705174446105957
"[2,7,13,17]",DOF3_DOF8_DOF14_DOF18,"[3, 8, 14, 18]",6,4.791009866668683,0.208724262279705,0.1104579997313445,0.2801874396575148,0.0040131733646073,0.5787168633656884,-0.5009284112740204,8.748918056488037
"[3,7,12,19]",DOF4_DOF8_DOF13_DOF20,"[4, 8, 13, 20]",6,4.787889529290487,0.2088602909230867,0.1017679617206585,0.3058333086365568,0.001013423592667,0.7192508715450096,0.5001639451780358,8.801267623901367
"[3,9,12,19]",DOF4_DOF10_DOF13_DOF20,"[4, 10, 13, 20]",6,4.779456686466783,0.2092288026852004,0.1018474930961174,0.3067130465111006,0.0006348662039575,0.7016477536961804,0.4929325429748916,9.681308031082152
"[1,6,12,18]",DOF2_DOF7_DOF13_DOF19,"[2, 7, 13, 19]",6,4.761739831100578,0.2100072736993925,0.0947187547394475,0.3293193222362746,0.0005351235449779,0.9460329226765954,0.7444525443059703,15.29166316986084
"[3,7,13,17]",DOF4_DOF8_DOF14_DOF18,"[4, 8, 14, 18]",6,4.736618257711264,0.2111210879971703,0.111197138357861,0.2853059066598576,0.001337646167182,0.7193886656341918,0.4992415806873184,8.962489366531372
"[2,6,13,18]",DOF3_DOF7_DOF14_DOF19,"[3, 7, 14, 19]",6,4.6959867805939535,0.2129477885516583,0.1031126456739462,0.3133055505776638,0.0035640035105946,0.6645577887068973,0.3196044400010179,8.783267498016357
"[2,9,12,19]",DOF3_DOF10_DOF13_DOF20,"[3, 10, 13, 20]",6,4.673418373193917,0.2139761348419367,0.1045373124221695,0.3122779760669287,0.0028306159268443,0.6472553805686964,0.1771329766130437,8.812534809112549
"[2,7,15,19]",DOF3_DOF8_DOF16_DOF20,"[3, 8, 16, 20]",6,4.641283911766294,0.2154576231504004,0.1077744745667017,0.3072376949098701,0.0029991073048828,0.596788487713638,-0.1487830718974885,9.40731954574585
"[3,6,12,18]",DOF4_DOF7_DOF13_DOF19,"[4, 7, 13, 19]",6,4.640070789551713,0.2155139534179331,0.1006336176085814,0.3281449065266369,0.0005923705005746,0.7347574089614014,0.5184729957958614,8.721243143081665
"[2,6,13,19]",DOF3_DOF7_DOF14_DOF20,"[3, 7, 14, 20]",6,4.635750873126642,0.2157147843712536,0.1048152485787281,0.3162565137010611,0.0041951199430817,0.5889120175592565,0.0250198989318408,8.782954454421997
"[3,10,14,18]",DOF4_DOF11_DOF15_DOF19,"[4, 11, 15, 19]",6,4.581798141764531,0.2182549228609841,0.1087534384043301,0.3128000610634072,0.0004292616892295,0.6964740006573761,0.4931206904513581,8.75352668762207
"[4,8,13,19]",DOF5_DOF9_DOF14_DOF20,"[5, 9, 14, 20]",6,4.573249559602075,0.2186628975660882,0.1159396528004623,0.2934021106325698,0.0006501208845293,0.1931600354409669,0.1507342874517343,9.496529579162598
"[2,7,15,18]",DOF3_DOF8_DOF16_DOF19,"[3, 8, 16, 19]",6,4.567624420801082,0.2189321861581714,0.1117098064156912,0.3058354630162132,0.0035993537361112,0.5281944426955114,-0.6049065401335252,9.27729082107544
"[4,7,13,18]",DOF5_DOF8_DOF14_DOF19,"[5, 8, 14, 19]",6,4.564346219272216,0.2190894274788132,0.1138567814581332,0.3005934561124989,0.000498727626109,0.2224712926792797,0.1867194471419784,8.819973230361938
"[4,8,14,19]",DOF5_DOF9_DOF15_DOF20,"[5, 9, 15, 20]",6,4.5352703697593135,0.2204940209658404,0.1175797897199203,0.2939590800492855,0.0005710645734022,0.1932130246383625,0.1503274131397163,8.723605394363403
"[4,9,13,18]",DOF5_DOF10_DOF14_DOF19,"[5, 10, 14, 19]",6,4.483283862655556,0.2230507883574413,0.119418736402744,0.2960041207540545,0.0006121938155653,0.1750830619219777,0.1249005275765541,8.888631820678711
"[0,6,13,19]",DOF1_DOF7_DOF14_DOF20,"[1, 7, 14, 20]",6,4.429202908256842,0.2257742579666848,0.1056141981295161,0.3432373595499187,0.0005396798939424,0.9356467078708992,0.6826414446168663,30.266574382781982
"[3,10,12,18]",DOF4_DOF11_DOF13_DOF19,"[4, 11, 13, 19]",6,4.4003152070741605,0.2272564470808707,0.1112908909386308,0.3312700820870823,0.0004205482352214,0.6969024060232041,0.4957307013613437,9.33449673652649
"[4,7,14,19]",DOF5_DOF8_DOF15_DOF20,"[5, 8, 15, 20]",6,4.391677815122072,0.2277034067827701,0.1201038082967804,0.3073449237657801,0.0005775033593333,0.22261020765406,0.1867853708337689,8.753599643707275
"[2,10,13,19]",DOF3_DOF11_DOF14_DOF20,"[3, 11, 14, 20]",6,4.374602222281575,0.2285922123164092,0.1144996338915072,0.3255554733714881,0.0029632548976223,0.6325907328987076,-0.0260286773260971,9.338643074035645
"[2,10,13,18]",DOF3_DOF11_DOF14_DOF19,"[3, 11, 14, 19]",6,4.372060719039333,0.2287250942423682,0.1156810125997102,0.3224229923182723,0.0039206866252546,0.5168783002381734,-0.5746380621818432,9.322121143341064
"[4,9,15,19]",DOF5_DOF10_DOF16_DOF20,"[5, 10, 16, 20]",6,4.191833496430082,0.2385590937348643,0.1265373133166119,0.319966181618375,0.0006723370364246,0.1747541306074611,0.123789649844656,8.725635051727295
"[3,9,16,18]",DOF4_DOF10_DOF17_DOF19,"[4, 10, 17, 19]",6,4.1876311884512845,0.2387984889294043,0.1176708666034915,0.345998738250882,0.0005612787620824,0.7015478894137229,0.4909419559323981,9.393775939941406
"[1,6,11,17]",DOF2_DOF7_DOF12_DOF18,"[2, 7, 12, 18]",6,4.186444491104295,0.2388661791935129,0.120040389312934,0.3392594676248012,0.0016995242379683,0.9289548274237884,0.7439219598045643,9.822608232498167
"[2,6,10,16]",DOF3_DOF7_DOF11_DOF17,"[3, 7, 11, 17]",6,4.122702491057201,0.2425593411518383,0.1200210014054554,0.3494034031271456,0.0049429730376383,0.6036305793780397,0.0084384309077356,8.811837434768677
"[1,6,10,17]",DOF2_DOF7_DOF11_DOF18,"[2, 7, 11, 18]",6,4.110473670767844,0.2432809646994011,0.1158361783245985,0.3640301841892291,0.0006844381714472,0.93204118360384,0.6583012562228485,9.168537139892578
"[2,6,11,17]",DOF3_DOF7_DOF12_DOF18,"[3, 7, 12, 18]",6,4.049101130350572,0.2469683931824569,0.1301795002008683,0.3326233673463024,0.0074142882076557,0.4775896704976867,-0.3604518105947425,9.7738835811615
"[4,9,15,17]",DOF5_DOF10_DOF16_DOF18,"[5, 10, 16, 18]",6,4.019346121865935,0.2487966872411929,0.1380518792424153,0.3162143725690401,0.0013955519922698,0.1747576845956035,0.1238409705715457,8.781453371047974
"[3,9,10,16]",DOF4_DOF10_DOF11_DOF17,"[4, 10, 11, 17]",6,3.971205213024345,0.2518127234312478,0.1219671007830708,0.3709323732026954,0.0003858405446711,0.7039584190662497,0.5033811778370886,9.451207160949709
"[2,7,10,18]",DOF3_DOF8_DOF11_DOF19,"[3, 8, 11, 19]",6,3.931987764907496,0.2543242908640114,0.1214266530526597,0.3791024057335899,0.0042359160919052,0.5465909789597186,0.1267185311003585,9.34094214439392
"[3,10,16,17]",DOF4_DOF11_DOF17_DOF18,"[4, 11, 17, 18]",6,3.923280556614116,0.2548887303790225,0.1284822348687666,0.3610246058706454,0.0009576691106,0.6962232483809272,0.4917647356859197,9.33867859840393
"[0,5,11,19]",DOF1_DOF6_DOF12_DOF20,"[1, 6, 12, 20]",6,3.913118831507523,0.255550634431114,0.1165270650438406,0.3970464430246093,0.0011462865732028,0.9085087760020696,0.6387848208779858,8.79293179512024
"[3,6,9,16]",DOF4_DOF7_DOF10_DOF17,"[4, 7, 10, 17]",6,3.9029749677355134,0.2562148126141562,0.1230483973015501,0.3804070475560237,0.000478973359956,0.7376145326645253,0.541883367899878,9.729055881500244
"[2,10,16,18]",DOF3_DOF11_DOF17_DOF19,"[3, 11, 17, 19]",6,3.902624719201912,0.256237807103471,0.1269505739567608,0.3688640493064094,0.0036963177893388,0.5078616048143578,-0.0271712427534369,9.476168632507324
"[3,6,10,18]",DOF4_DOF7_DOF11_DOF19,"[4, 7, 11, 19]",6,3.884043685790833,0.2574636334947672,0.119678034403576,0.3935809832450718,0.0006450991083208,0.7358514697989594,0.530910873655009,9.155012607574465
"[2,8,9,16]",DOF3_DOF9_DOF10_DOF17,"[3, 9, 10, 17]",6,3.875022648087602,0.2580630078354882,0.1243256149941296,0.3817847016088018,0.0022549455655583,0.6526703811161844,0.4178489886171544,9.245702981948853
"[2,7,16,18]",DOF3_DOF8_DOF17_DOF19,"[3, 8, 17, 19]",6,3.832690925393378,0.2609132902866489,0.1352560915345183,0.3583652576070452,0.0045871717932944,0.3924755260618218,-0.1901818860620057,9.016679048538208
"[2,5,13,19]",DOF3_DOF6_DOF14_DOF20,"[3, 6, 14, 20]",6,3.8284122321623313,0.2612048910499275,0.1291593331924778,0.3763816358166997,0.0062397064320975,0.4220624332879383,-0.57166508999524,9.368776559829712
"[2,7,11,15]",DOF3_DOF8_DOF12_DOF16,"[3, 8, 12, 16]",6,3.791844001453623,0.2637239294688424,0.1338318474982868,0.3704487650462376,0.0047002840874483,0.451083359347163,-0.2676820645783071,9.331094026565552
"[1,7,16,19]",DOF2_DOF8_DOF17_DOF20,"[2, 8, 17, 20]",6,3.779521246412568,0.2645837752454485,0.1324640704901598,0.3773615797994752,0.000863036509448,0.9106398693366774,0.6325052477458124,9.319169998168944
"[2,8,13,15]",DOF3_DOF9_DOF14_DOF16,"[3, 9, 14, 16]",6,3.7782111471047344,0.264675519991128,0.1318235789599059,0.3792539462486323,0.0022611968840161,0.6807372030487101,0.385096284790095,8.73487401008606
"[2,7,16,19]",DOF3_DOF8_DOF17_DOF20,"[3, 8, 17, 20]",6,3.7746033300027166,0.2649285004460338,0.13762965775166,0.3631046534070659,0.0042442800380134,0.5023635381548671,0.0488781882466292,8.811772346496582
"[2,7,13,15]",DOF3_DOF8_DOF14_DOF16,"[3, 8, 14, 16]",6,3.769401430594921,0.2652941105926204,0.1312092762670993,0.3826777978385742,0.0029521016404032,0.5702190864226916,-0.0040717914752734,8.769015550613403
"[2,8,10,19]",DOF3_DOF9_DOF11_DOF20,"[3, 9, 11, 20]",6,3.710224252135778,0.2695254874205092,0.1264045653691327,0.4086485647093798,0.001878488061872,0.7066873368471458,0.5138919991265776,9.55953812599182
"[1,6,10,19]",DOF2_DOF7_DOF11_DOF20,"[2, 7, 11, 20]",6,3.7003824509190175,0.270242336639539,0.1248181093886676,0.4154197391780342,0.0005463707711896,0.9051426529775094,0.4929199244701602,9.356573104858398
"[0,9,13,16]",DOF1_DOF10_DOF14_DOF17,"[1, 10, 14, 17]",6,3.676164573240035,0.2720226420970487,0.1350184166456244,0.3910843373801348,0.0024941473675426,0.8727183643496593,0.6120544602997102,9.071432828903198
"[2,7,10,19]",DOF3_DOF8_DOF11_DOF20,"[3, 8, 11, 20]",6,3.6760248080361,0.2720329846007132,0.1301920524795334,0.4047668199337885,0.0034509028870767,0.6070014123836546,0.0358008198923742,9.396757364273071
"[0,5,10,15]",DOF1_DOF6_DOF11_DOF16,"[1, 6, 11, 16]",6,3.6532982282490254,0.2737252579775379,0.1352432113153139,0.3954588956408524,0.0014286637585125,0.8641197519819417,0.4540775140042483,9.307625532150269
"[2,9,13,15]",DOF3_DOF10_DOF14_DOF16,"[3, 10, 14, 16]",6,3.616280899670316,0.2765271912609306,0.1380765480897293,0.3951709227509343,0.0028164041674851,0.5782671681266988,0.1136928944685247,8.9453706741333
"[1,2,9,16]",DOF2_DOF3_DOF10_DOF17,"[2, 3, 10, 17]",6,3.603097519228384,0.2775389771328062,0.1312435338262576,0.4179217561928921,0.0004565727807251,0.9272379502202516,0.6608460563794556,9.184337615966797
"[2,7,8,16]",DOF3_DOF8_DOF9_DOF17,"[3, 8, 9, 17]",6,3.5833678567219933,0.2790670787874958,0.1390822584610496,0.3992553756972704,0.0049087766480321,0.3948765267914844,-0.2375563087395191,8.781491041183472
"[2,3,8,16]",DOF3_DOF4_DOF9_DOF17,"[3, 4, 9, 17]",6,3.550187066610627,0.2816752980149726,0.1380258374459274,0.4102524017111358,0.001222399402953,0.89562041365245,0.6585937624245721,9.02229928970337
"[3,6,10,19]",DOF4_DOF7_DOF11_DOF20,"[4, 7, 11, 20]",6,3.54032451105722,0.2824599826578715,0.1357013207616813,0.4191483953195082,0.0011344706872478,0.7299077658100445,0.49492072591151,9.54240608215332
"[5,8,13,18]",DOF6_DOF9_DOF14_DOF19,"[6, 9, 14, 19]",6,3.5186601826909567,0.2841990837636711,0.1626792718334472,0.3470918700561376,0.0007531482115155,-0.6297633723517764,-0.8178047882387103,8.927544116973877
"[2,5,9,15]",DOF3_DOF6_DOF10_DOF16,"[3, 6, 10, 16]",6,3.4399886682713245,0.2906986320100536,0.150848261560933,0.3980109666070585,0.0109306427330011,0.2264525461058792,-0.4336743898513326,8.80757737159729
"[2,3,10,18]",DOF3_DOF4_DOF11_DOF19,"[3, 4, 11, 19]",6,3.4153984976551235,0.292791602702626,0.1350576911016905,0.4505095067143502,0.0011116850182588,0.8770200302141978,0.5458669621070723,8.886472225189209
"[3,7,9,18]",DOF4_DOF8_DOF10_DOF19,"[4, 8, 10, 19]",6,3.402431948209595,0.2939074212851813,0.1408207736403228,0.4373027394366223,0.0006137768408128,0.7140707887883138,0.4664932391521056,8.754351139068604
"[2,4,13,18]",DOF3_DOF5_DOF14_DOF19,"[3, 5, 14, 19]",6,3.3854516139862745,0.29538156618908,0.1429652455414851,0.4350685994915151,0.0028462165112917,0.6298250395835959,0.3863741787358811,9.36260986328125
"[4,7,10,19]",DOF5_DOF8_DOF11_DOF20,"[5, 8, 11, 20]",6,3.371552943885473,0.2965992279048123,0.1466998100697422,0.4282323531719313,0.0003618844978821,0.2239650127685099,0.1858281275177176,8.83748745918274
"[2,4,13,19]",DOF3_DOF5_DOF14_DOF20,"[3, 5, 14, 20]",6,3.367515271588598,0.296954852271506,0.1431295565259526,0.438999457194512,0.0035097145494849,0.5200950801633657,0.2586973419916508,9.374879837036133
"[3,4,13,18]",DOF4_DOF5_DOF14_DOF19,"[4, 5, 14, 19]",6,3.3593392338330625,0.2976775878795735,0.1431468426680114,0.4414308340320997,0.0005990660065435,0.7390125826830793,0.3865172380611429,9.322466135025024
"[0,10,15,18]",DOF1_DOF11_DOF16_DOF19,"[1, 11, 16, 19]",6,3.355080171219078,0.2980554707976746,0.157357552974692,0.4013242702206379,0.0046884649151858,0.8521105527826801,0.5537474149031042,9.861564636230469
"[2,4,10,19]",DOF3_DOF5_DOF11_DOF20,"[3, 5, 11, 20]",6,3.3395019991906625,0.2994458455898554,0.1413128524090692,0.4509960749931254,0.0056873386638471,0.195674864342897,-0.6521591200331323,9.089066743850708
"[3,4,13,19]",DOF4_DOF5_DOF14_DOF20,"[4, 5, 14, 20]",6,3.327818439862716,0.3004971629515719,0.1445447369870885,0.4454024626655465,0.0012312806308424,0.7109778250041162,0.386093147556418,9.55962085723877
"[0,3,9,15]",DOF1_DOF4_DOF10_DOF16,"[1, 4, 10, 16]",6,3.3216565008886816,0.3010546092677363,0.1549494839589594,0.4154971759659707,0.0136222744137436,0.4665187398713315,-0.2052267474812925,8.677979230880737
"[2,9,10,19]",DOF3_DOF10_DOF11_DOF20,"[3, 10, 11, 20]",6,3.3169993646607514,0.3014772962125541,0.1512302691616013,0.428640752086196,0.0044552764156833,0.563508275158142,0.0771726038290193,9.86191701889038
"[4,8,10,19]",DOF5_DOF9_DOF11_DOF20,"[5, 9, 11, 20]",6,3.301069825725258,0.3029320955902516,0.1528234505817136,0.4287684235620672,0.0007939352362882,0.1972934822791014,0.152984533988431,8.988834857940674
"[1,3,12,18]",DOF2_DOF4_DOF13_DOF19,"[2, 4, 13, 19]",6,3.300437365048019,0.3029901462717655,0.1410199172713701,0.4627359089410837,0.0002532174203224,0.8668763571064971,0.3578687966380878,8.916258573532104
"[5,10,12,18]",DOF6_DOF11_DOF13_DOF19,"[6, 11, 13, 19]",6,3.296497251553349,0.3033522929605027,0.1701664298083659,0.3804806096871787,0.0003529952324849,-0.6690545600123011,-0.8544935590097735,9.648122072219849
"[1,11,12,17]",DOF2_DOF12_DOF13_DOF18,"[2, 12, 13, 18]",6,3.264921942117549,0.3062860361519575,0.1575197137182943,0.4249183496811117,0.0008980009054842,0.869473482428574,0.48184005111911,8.710225820541382
"[2,3,8,17]",DOF3_DOF4_DOF9_DOF18,"[3, 4, 9, 18]",6,3.253423131247612,0.3073685652481576,0.1525195247512754,0.4422331406157275,0.0013488256275498,0.8656662332352948,0.5146771191632304,8.823681116104126
"[0,3,10,15]",DOF1_DOF4_DOF11_DOF16,"[1, 4, 11, 16]",6,3.2360169422828204,0.309021867880371,0.1574285478431784,0.4317204425652824,0.0098233027868748,0.6315387845699699,0.4531312484259278,9.112736940383911
"[4,8,9,15]",DOF5_DOF9_DOF10_DOF16,"[5, 9, 10, 16]",6,3.233840173927053,0.3092298772398525,0.1610011196276359,0.4234021618965297,0.0007600189686248,0.199308330553203,0.1545268941921393,8.789148569107056
"[2,10,14,15]",DOF3_DOF11_DOF15_DOF16,"[3, 11, 15, 16]",6,3.2306718177287266,0.309533142459454,0.1571097491202228,0.4349511918510991,0.0038095238269306,0.4855142751404244,-0.4045729314220561,8.796964168548584
"[2,3,11,19]",DOF3_DOF4_DOF12_DOF20,"[3, 4, 12, 20]",6,3.210590587162264,0.3114691745485545,0.1484050974980687,0.4656879381534722,0.0014659739354101,0.868811359271287,0.5241281848762576,9.322097301483154
"[1,6,9,19]",DOF2_DOF7_DOF10_DOF20,"[2, 7, 10, 20]",6,3.2028766971913885,0.3122193248568388,0.14953577425015,0.4646380559010998,0.0012046208260774,0.8698713720353335,0.3794140881385497,8.81676721572876
"[1,2,11,18]",DOF2_DOF3_DOF12_DOF19,"[2, 3, 12, 19]",6,3.1886610307751617,0.3136112588780602,0.1483955290136586,0.4719077959867235,0.000960025380967,0.8793031177359415,0.4605844094145241,9.269091367721558
"[2,3,12,19]",DOF3_DOF4_DOF13_DOF20,"[3, 4, 13, 20]",6,3.1861467577926703,0.3138587378472182,0.1477519662803804,0.4744828448644295,0.0007555172857488,0.835439296567445,0.3562636006472772,9.37150502204895
"[1,3,12,17]",DOF2_DOF4_DOF13_DOF18,"[2, 4, 13, 18]",6,3.1840374064757544,0.3140666620194214,0.153003435453784,0.4600730578622598,0.0007531262769286,0.8662595880310029,0.3597288404595188,8.763721942901611
"[4,9,10,19]",DOF5_DOF10_DOF11_DOF20,"[5, 10, 11, 20]",6,3.157050178108302,0.3167513797946794,0.1625408949304858,0.4404148583145427,0.0013056890820735,0.1782939130469353,0.1279834685935907,8.8519766330719
"[2,7,9,19]",DOF3_DOF8_DOF10_DOF20,"[3, 8, 10, 20]",6,3.14836287608351,0.3176253943258372,0.1556973657199872,0.4619510716481232,0.0049030705801366,0.4095655602391055,-0.1667196341018844,9.230401039123535
"[3,7,9,19]",DOF4_DOF8_DOF10_DOF20,"[4, 8, 10, 20]",6,3.141520179946488,0.3183172294675161,0.1541771828858897,0.4688497005614822,0.0008530277021539,0.6998549328751463,0.38076654437678,10.535670042037964
"[4,5,8,15]",DOF5_DOF6_DOF9_DOF16,"[5, 6, 9, 16]",6,3.1335556580594672,0.3191262926589092,0.1658651923531714,0.4376839608640285,0.0014342800665569,0.2918746981050519,0.2599371117448821,8.758081197738647
"[2,6,9,19]",DOF3_DOF7_DOF10_DOF20,"[3, 7, 10, 20]",6,3.129480482697522,0.3195418554375835,0.1566995313199204,0.4645362998392132,0.0050923834787681,0.6239309765667695,0.3786157668745316,8.707233428955078
"[3,8,9,19]",DOF4_DOF9_DOF10_DOF20,"[4, 9, 10, 20]",6,3.122942595359302,0.3202108170297074,0.1545442944498133,0.4732215377794102,0.0007796871420093,0.6909172845991626,0.3805487158569004,8.759891271591187
"[2,12,13,18]",DOF3_DOF13_DOF14_DOF19,"[3, 13, 14, 19]",6,3.1185169776164017,0.3206652415794185,0.1607112218028976,0.4566949132115742,0.0022160030493978,0.65900131749447,0.1594405651797822,8.745010614395142
"[2,7,11,14]",DOF3_DOF8_DOF12_DOF15,"[3, 8, 12, 15]",6,3.090337617686126,0.3235892396590811,0.1730238844424466,0.4294746584633343,0.0049844950893505,0.3652254325012314,-0.3039115100591625,9.5096595287323
"[5,8,11,19]",DOF6_DOF9_DOF12_DOF20,"[6, 9, 12, 20]",6,3.0885871509567626,0.3237726349043244,0.1776460505199928,0.4173815942396517,0.0008605280090705,-0.6300286927117874,-0.8193806125137444,9.40793251991272
"[2,12,15,19]",DOF3_DOF13_DOF16_DOF20,"[3, 13, 16, 20]",6,3.08255470308722,0.3244062462201901,0.162673616880742,0.4616382849584685,0.0031845920796816,0.5359444590689988,-0.1246907523641456,8.708759069442749
"[3,6,9,14]",DOF4_DOF7_DOF10_DOF15,"[4, 7, 10, 15]",6,3.07534268606789,0.3251670145662749,0.1696456682022623,0.4442610789769413,0.0005993744416628,0.6912678379217095,0.2636773377208737,9.276652812957764
"[2,7,8,18]",DOF3_DOF8_DOF9_DOF19,"[3, 8, 9, 19]",6,3.073012637812387,0.3254135657277368,0.159447193326017,0.4736005893189836,0.0041233228015092,0.4473728423459568,-0.0039061402723958,9.212164402008057
"[3,7,12,14]",DOF4_DOF8_DOF13_DOF15,"[4, 8, 13, 15]",6,3.0625904548078906,0.3265209680344495,0.1721197269485503,0.4409862063363065,0.0011213773638398,0.6824465470970477,0.2787403042149766,8.747925281524658
"[2,5,13,15]",DOF3_DOF6_DOF14_DOF16,"[3, 6, 14, 16]",6,3.0625026205151906,0.3265303328389355,0.1671287092838272,0.4541060489736498,0.0092901282866174,0.3787361126538897,-0.5116999205558914,8.73975133895874
"[3,7,8,18]",DOF4_DOF8_DOF9_DOF19,"[4, 8, 9, 19]",6,3.0441773275139465,0.3284959752372949,0.1602325580721362,0.4806614670968037,0.0006380736255475,0.7004673224166282,0.3827721874671672,8.868484258651733
"[2,3,9,19]",DOF3_DOF4_DOF10_DOF20,"[3, 4, 10, 20]",6,3.03996516330863,0.3289511380152075,0.1551167684780217,0.4965754554600714,0.0006592025232142,0.8475291678280632,0.373691018721677,8.968177318572998
"[1,3,13,19]",DOF2_DOF4_DOF14_DOF20,"[2, 4, 14, 20]",6,3.0370876024155447,0.3292628105957872,0.1582352136242993,0.4886192126373662,0.0002174509681935,0.8396977093208946,0.2393567377115182,9.440401554107666
"[0,2,8,18]",DOF1_DOF3_DOF9_DOF19,"[1, 3, 9, 19]",6,3.024748332352208,0.3306060174663593,0.160643900250491,0.4853942236971386,0.0014827784373968,0.8627813331827552,0.3748063009774341,8.68808650970459
"[5,7,10,16]",DOF6_DOF8_DOF11_DOF17,"[6, 8, 11, 17]",6,3.01291819442967,0.3319041326265687,0.185438394597672,0.4182247700518028,0.0017413702153135,-0.5993209772880616,-0.7845299122904774,8.977129220962524
"[2,12,13,17]",DOF3_DOF13_DOF14_DOF18,"[3, 13, 14, 18]",6,3.0087730449427204,0.332361392853421,0.1715469031436275,0.4590884633524664,0.0026705507286048,0.6564834285985736,0.1421354321602747,9.452751636505129
"[2,6,8,18]",DOF3_DOF7_DOF9_DOF19,"[3, 7, 9, 19]",6,3.001267914842664,0.3331925134212558,0.1681909868086394,0.4704392353829535,0.0069558845716528,0.4537013552250603,0.3191138259365623,8.887231349945068
"[2,9,18,19]",DOF3_DOF10_DOF19_DOF20,"[3, 10, 19, 20]",6,2.999708353625936,0.3333657416355952,0.1598020693296107,0.4954083687755752,0.0034148646906639,0.4928375164625582,-0.661148714563945,8.725738763809204
"[2,3,13,19]",DOF3_DOF4_DOF14_DOF20,"[3, 4, 14, 20]",6,2.9834928973939228,0.3351776036975034,0.1625196715252371,0.4931449906638418,0.0011437087984328,0.8046925525794767,0.2389075420313657,8.941272974014282
"[2,3,13,18]",DOF3_DOF4_DOF14_DOF19,"[3, 4, 14, 19]",6,2.9680368875847467,0.336923036293793,0.1657557410958464,0.4888451118541291,0.0014301209800275,0.8119222824305113,0.2399354729563235,8.80629849433899
"[1,2,12,19]",DOF2_DOF3_DOF13_DOF20,"[2, 3, 13, 20]",6,2.9538769745246967,0.3385381343303759,0.163319961187918,0.500568759659605,0.0003821452319243,0.847046653344575,0.3132905553072399,9.468898057937622
"[1,12,13,18]",DOF2_DOF13_DOF14_DOF19,"[2, 13, 14, 19]",6,2.945939428461765,0.3394502922686392,0.1734002022824475,0.4743282937945807,0.0007037431617694,0.823511786606188,0.3060245812121586,8.89038372039795
"[3,9,18,19]",DOF4_DOF10_DOF19_DOF20,"[4, 10, 19, 20]",6,2.94437836839213,0.3396302631251625,0.1663836679967447,0.4948176438927896,0.0012083953188266,0.6950152223757864,0.4504527692225392,8.731064319610596
"[4,7,9,19]",DOF5_DOF8_DOF10_DOF20,"[5, 8, 10, 20]",6,2.940700551472663,0.3400550251525178,0.1700775340557564,0.4855399180565758,0.0007703955391965,0.2258588198779669,0.1860507351769075,8.720442056655884
"[1,12,13,19]",DOF2_DOF13_DOF14_DOF20,"[2, 13, 14, 20]",6,2.936076823808309,0.3405905430975712,0.1731682238098784,0.4782550666299469,0.0006609193442272,0.8235223141447748,0.306019625848145,8.719367265701294
"[2,3,7,14]",DOF3_DOF4_DOF8_DOF15,"[3, 4, 8, 15]",6,2.9303311102799845,0.3412583637695204,0.1764531905666234,0.4707115530426769,0.0011225927592022,0.8133507709832655,0.2544650224356951,9.500340223312378
"[0,3,9,14]",DOF1_DOF4_DOF10_DOF15,"[1, 4, 10, 15]",6,2.9251825301593426,0.3418590086898277,0.1822393101696739,0.4539428868265756,0.014793762617046,0.4098552804124288,-0.0081287498367115,9.492124557495115
"[1,6,17,19]",DOF2_DOF7_DOF18_DOF20,"[2, 7, 18, 20]",6,2.9185516350155907,0.3426357060123555,0.1771302536417349,0.4727583119438114,0.0008008638057314,0.8844122115486036,0.4767238300585389,9.798672199249268
"[3,12,18,19]",DOF4_DOF13_DOF19_DOF20,"[4, 13, 19, 20]",6,2.916692075096572,0.3428541560952996,0.1673369304925687,0.5013592344061513,0.0008298712115598,0.6640181717831674,0.3488364246921738,9.362204313278198
"[3,13,14,18]",DOF4_DOF14_DOF15_DOF19,"[4, 14, 15, 19]",6,2.893752115245011,0.3455721016077555,0.1734894845480868,0.4915983574999276,0.0004638386938798,0.641359669610284,0.2334032145671548,9.281583547592165
"[0,6,17,19]",DOF1_DOF7_DOF18_DOF20,"[1, 7, 18, 20]",6,2.885680160170633,0.3465387515219231,0.1772645678052203,0.4835643262706129,0.0005333904397654,0.8848381671211388,0.4745671132610397,8.722999572753906
"[2,6,17,19]",DOF3_DOF7_DOF18_DOF20,"[3, 7, 18, 20]",6,2.8768728378500947,0.3475996529427521,0.1828488850276232,0.4700321996787637,0.0047899605512308,0.5756230403842592,-0.0005103955579712,9.328473329544067
"[2,8,18,19]",DOF3_DOF9_DOF19_DOF20,"[3, 9, 19, 20]",6,2.8559891665708896,0.3501413841838264,0.1715420239503937,0.5100489878702372,0.0016442895769917,0.7689362643742971,0.3770699281385316,8.698585987091064
"[1,3,7,18]",DOF2_DOF4_DOF8_DOF19,"[2, 4, 8, 19]",6,2.8553107507140885,0.3502245770436907,0.1755541176676704,0.49891753939433,0.0009864117600955,0.8540181891216537,0.3498806928741054,8.71659779548645
"[0,6,8,19]",DOF1_DOF7_DOF9_DOF20,"[1, 7, 9, 20]",6,2.852956384427132,0.3505135954603614,0.1716535299886202,0.5109015417447311,0.0008905172217055,0.8616313826132971,0.3043243867281524,8.75822925567627
"[1,6,7,18]",DOF2_DOF7_DOF8_DOF19,"[2, 7, 8, 19]",6,2.8405194728056813,0.3520482818621286,0.1777113689199973,0.4979272924483988,0.0012472117038366,0.8568323615068776,0.3515229698875449,8.87634563446045
"[2,4,8,19]",DOF3_DOF5_DOF9_DOF20,"[3, 5, 9, 20]",6,2.8081752592612697,0.3561031302085669,0.1763992807572816,0.5126926528105831,0.0052284193516243,0.2648179730609373,-0.4730364182146003,8.98821759223938
"[1,2,7,18]",DOF2_DOF3_DOF8_DOF19,"[2, 3, 8, 19]",6,2.8003797669458304,0.3570944240494305,0.1802919032922825,0.5048589378103492,0.0020378504705149,0.8499250311058555,0.3470456314546896,8.759567260742188
"[3,4,6,17]",DOF4_DOF5_DOF7_DOF18,"[4, 5, 7, 18]",6,2.7835330633523343,0.3592556571944834,0.1859829204358242,0.4949101959806867,0.0010833633083772,0.7538525469391857,0.4748396242575334,14.931593894958496
"[2,6,8,19]",DOF3_DOF7_DOF9_DOF20,"[3, 7, 9, 20]",6,2.782404023102784,0.3594014354831447,0.1822909748081983,0.5051020928888973,0.0064945632766466,0.4477684199417031,0.2698377149426395,8.736852884292603
"[0,3,7,18]",DOF1_DOF4_DOF8_DOF19,"[1, 4, 8, 19]",6,2.777369866422346,0.3600528730749741,0.1865426408823887,0.494252434493045,0.0104376024003916,0.5775056696639939,0.3499656570949694,9.123555421829224
"[1,2,13,18]",DOF2_DOF3_DOF14_DOF19,"[2, 3, 14, 19]",6,2.768737069611368,0.3611755016295555,0.1797919243496259,0.5181643958496854,0.0005207746507949,0.814904622704388,0.1786450417116294,8.719458103179932
"[2,3,8,19]",DOF3_DOF4_DOF9_DOF20,"[3, 4, 9, 20]",6,2.76596478055493,0.3615375029455748,0.1795414326699786,0.5197679669635997,0.0015456367667259,0.8305566381949431,0.2982963689780535,9.409034729003906
"[1,2,13,19]",DOF2_DOF3_DOF14_DOF20,"[2, 3, 14, 20]",6,2.764636947842404,0.3617111464771755,0.178814213170627,0.5224812615726089,0.0005698351227086,0.8146612106538678,0.1775552910974248,9.006574630737305
"[3,13,18,19]",DOF4_DOF14_DOF19_DOF20,"[4, 14, 19, 20]",6,2.7384387628599023,0.3651715764324438,0.1812876068870758,0.5253196982041637,0.0004415034782141,0.6408783206203229,0.2300486697809491,9.315247774124146
"[6,8,13,19]",DOF7_DOF9_DOF14_DOF20,"[7, 9, 14, 20]",6,2.689141896295713,0.3718658362263473,0.2201248307512858,0.4334406332404193,0.0007356768182944,-1.666536361973165,-2.1049293616425384,8.772430658340454
"[2,7,18,19]",DOF3_DOF8_DOF19_DOF20,"[3, 8, 19, 20]",6,2.6891343911014274,0.3718668740790327,0.1881717614358286,0.524381650347117,0.0032307004342631,0.6054689763378149,0.3014071694950477,8.732004642486572
"[2,7,11,13]",DOF3_DOF8_DOF12_DOF14,"[3, 8, 12, 14]",6,2.688587454052833,0.3719425226394962,0.2049898504255244,0.4763845574102875,0.0043615424074232,0.3800402283320609,-0.1746822010338327,8.777262449264526
"[2,13,14,19]",DOF3_DOF14_DOF15_DOF20,"[3, 14, 15, 20]",6,2.6862831269663614,0.3722615795627696,0.1912552708484428,0.5166290920722565,0.0037225297807405,0.499469802897166,-0.1751259192887819,8.795382499694824
"[1,7,18,19]",DOF2_DOF8_DOF19_DOF20,"[2, 8, 19, 20]",6,2.670260645813144,0.3744952769181119,0.1883135570640589,0.531795711396362,0.0010644173065278,0.8618531343826804,0.3461765292879392,8.716036796569824
"[3,7,10,13]",DOF4_DOF8_DOF11_DOF14,"[4, 8, 11, 14]",6,2.668873960793782,0.3746898559795267,0.2058208794730439,0.4823828878726304,0.0006993150212413,0.6626373604790925,0.1601081024712873,8.805192232131958
"[6,7,13,18]",DOF7_DOF8_DOF14_DOF19,"[7, 8, 14, 19]",6,2.661291873150291,0.3757573568259515,0.2202007341103511,0.4443289947272817,0.0008294912210355,-1.6496428924626807,-2.080334944812423,8.772351503372192
"[2,7,12,13]",DOF3_DOF8_DOF13_DOF14,"[3, 8, 13, 14]",6,2.6520062923268606,0.3770730118139922,0.2067799149211469,0.4860905971684068,0.0032277576780567,0.5293337635739407,0.1611574697801899,8.796732187271118
"[0,2,8,13]",DOF1_DOF3_DOF9_DOF14,"[1, 3, 9, 14]",6,2.644144475862394,0.3781941603895163,0.2047533554998263,0.4954296438001345,0.0008085911928598,0.8052703850079755,0.1495148636574799,8.769688129425049
"[2,8,10,13]",DOF3_DOF9_DOF11_DOF14,"[3, 9, 11, 14]",6,2.643842159949784,0.3782374058277177,0.2083436825616976,0.4851141998884584,0.002075066101194,0.669273487085511,0.159591047050125,9.337389945983888
"[2,7,9,13]",DOF3_DOF8_DOF10_DOF14,"[3, 8, 10, 14]",6,2.640953263548611,0.3786511536571735,0.2104548368826526,0.4798890341162351,0.004703096676773,0.4380473580848045,-0.423940451099275,9.600241422653198
"[2,8,9,13]",DOF3_DOF9_DOF10_DOF14,"[3, 9, 10, 14]",6,2.6390187797504274,0.3789287168664754,0.207244492060867,0.4901881634183117,0.0023673521839858,0.5757222344951484,0.1558561549697243,9.185182571411133
"[2,6,8,13]",DOF3_DOF7_DOF9_DOF14,"[3, 7, 9, 14]",6,2.631247650941052,0.3800478452264742,0.2096460662133673,0.4859831661797062,0.0061534170041947,0.3762519214684259,-0.2072564810742196,8.722293138504028
"[6,7,12,18]",DOF7_DOF8_DOF13_DOF19,"[7, 8, 13, 19]",6,2.631100141612193,0.3800691521321663,0.2203805128414799,0.4561640817163317,0.0006242137994073,-1.649640798288111,-2.080334372488952,8.757497549057007
"[1,2,8,13]",DOF2_DOF3_DOF9_DOF14,"[2, 3, 9, 14]",6,2.629300665596777,0.3803292689504565,0.2053093222967877,0.4999781432555791,0.0005519302843216,0.8062374258644676,0.1495422836562534,8.714430093765259
"[3,8,10,13]",DOF4_DOF9_DOF11_DOF14,"[4, 9, 11, 14]",6,2.62641441649465,0.3807472247018907,0.2099883832228815,0.4877197526130509,0.0011385612888261,0.6537291571457436,0.1592478221851995,9.278093576431274
"[1,7,9,13]",DOF2_DOF8_DOF10_DOF14,"[2, 8, 10, 14]",6,2.6239137777580885,0.3811100839036682,0.2107114179975764,0.486595365245841,0.0018057614009497,0.7976618756361457,0.1564013877805903,9.317283630371094
"[3,8,9,13]",DOF4_DOF9_DOF10_DOF14,"[4, 9, 10, 14]",6,2.623770651523674,0.3811308733927094,0.2085206716436005,0.493070575684881,0.0007100051880115,0.6534694691501879,0.1558437529851375,9.19682240486145
"[0,2,7,19]",DOF1_DOF3_DOF8_DOF20,"[1, 3, 8, 20]",6,2.6193743025851832,0.3817705621569371,0.1949231038529147,0.5336837835474373,0.0011626812483882,0.8412178069133419,0.2604497013734744,8.77254319190979
"[3,7,18,19]",DOF4_DOF8_DOF19_DOF20,"[4, 8, 19, 20]",6,2.616953878477332,0.3821236622554581,0.1966407630024989,0.529694014530572,0.0017998833451808,0.6955837243768123,0.3517117502693094,9.16633439064026
"[1,7,12,13]",DOF2_DOF8_DOF13_DOF14,"[2, 8, 13, 14]",6,2.6164181493093404,0.3822019046387349,0.2091409286697917,0.4942414695723984,0.0015292323720738,0.7973325720204884,0.1611795180173502,8.759999752044678
"[6,9,12,18]",DOF7_DOF10_DOF13_DOF19,"[7, 10, 13, 19]",6,2.616327460734829,0.3822151527303546,0.2259745565204865,0.4462539940680033,0.0010339657213383,-1.683672885434439,-2.1271400297264766,9.401485204696655
"[2,7,8,13]",DOF3_DOF8_DOF9_DOF14,"[3, 8, 9, 14]",6,2.616109220021977,0.3822470378316175,0.2102923436421887,0.4906016285003103,0.0048824842864026,0.3577582334761222,-0.2133177631317786,9.431991338729858
"[1,6,12,13]",DOF2_DOF7_DOF13_DOF14,"[2, 7, 13, 14]",6,2.6127785114518094,0.3827343173615317,0.2078100301524676,0.4996922410081327,0.0006400571243527,0.8081890656641053,0.1611864505578528,9.249047994613647
"[1,2,6,18]",DOF2_DOF3_DOF7_DOF19,"[2, 3, 7, 19]",6,2.607942278408917,0.383444069401522,0.1990728519747512,0.5265792304386412,0.001369735464929,0.8495966445906937,0.3483672628928125,9.357678413391112
"[3,7,12,13]",DOF4_DOF8_DOF13_DOF14,"[4, 8, 13, 14]",6,2.60578016504327,0.3837622273023898,0.2116746773840911,0.4914869854553405,0.00134210017859,0.6628108956531729,0.1611581561181798,9.52866530418396
"[2,3,7,13]",DOF3_DOF4_DOF8_DOF14,"[3, 4, 8, 14]",6,2.604249794219705,0.3839877427338031,0.207062716600173,0.5053663302840563,0.0009362106842066,0.7788569032747379,0.1436657732793286,8.863666534423828
"[6,10,12,17]",DOF7_DOF11_DOF13_DOF18,"[7, 11, 13, 18]",6,2.5915779371033763,0.3858653007036767,0.228814375238888,0.4486108532615369,0.0007425364650165,-1.6931950365434398,-2.1402287745150863,9.271971940994264
"[1,2,7,13]",DOF2_DOF3_DOF8_DOF14,"[2, 3, 8, 14]",6,2.5914773450667066,0.3858802786376154,0.2089505099046686,0.5053225328135302,0.0013376449642237,0.804709288340789,0.1439641229411006,9.341816902160645
"[3,7,8,13]",DOF4_DOF8_DOF9_DOF14,"[4, 8, 9, 14]",6,2.5903594542336505,0.3860468084315566,0.2118564004034827,0.4975219832435128,0.0011542778568885,0.6619014034696639,0.1497961491558521,8.906359434127808
"[2,6,7,19]",DOF3_DOF7_DOF8_DOF20,"[3, 7, 8, 20]",6,2.572779912894714,0.3886846266893837,0.2012826835776719,0.5345445897732228,0.006226733821677,0.4179415984290724,-0.2196159727889999,9.212273597717283
"[2,4,9,13]",DOF3_DOF5_DOF10_DOF14,"[3, 5, 10, 14]",6,2.5699162043064967,0.3891177456765695,0.2177276426485542,0.4884499135056174,0.0086526660209832,-0.0404242185472531,-0.7076600422674071,9.384067058563232
"[2,13,18,19]",DOF3_DOF14_DOF19_DOF20,"[3, 14, 19, 20]",6,2.5605755240456274,0.3905372017371593,0.1994746037350145,0.5454083185272134,0.0033937303523998,0.4785528957439832,-0.1129446302642893,8.697269201278687
"[2,3,9,13]",DOF3_DOF4_DOF10_DOF14,"[3, 4, 10, 14]",6,2.557751628203949,0.3909683758855199,0.2157334528604657,0.5003633358591663,0.0021551094869209,0.7817709382780063,0.1562610619436726,9.374346494674684
"[3,4,7,19]",DOF4_DOF5_DOF8_DOF20,"[4, 5, 8, 20]",6,2.556835414111976,0.3911084751400618,0.2001307600556631,0.5453747477372765,0.0019310675270389,0.7186548101999014,0.264754109897236,9.547999143600464
"[2,3,7,19]",DOF3_DOF4_DOF8_DOF20,"[3, 4, 8, 20]",6,2.548553479966011,0.392379444990414,0.2034019148762769,0.5395677681471205,0.0025762252528996,0.8176335053820244,0.2637404068859519,9.260603427886965
"[2,6,7,13]",DOF3_DOF7_DOF8_DOF14,"[3, 7, 8, 14]",6,2.5458741745273503,0.3927923893501561,0.2167750424010552,0.5019279312650564,0.0068514201266225,0.2763940494601782,-0.4655163316159381,8.7543625831604
"[2,5,7,19]",DOF3_DOF6_DOF8_DOF20,"[3, 6, 8, 20]",6,2.5429805839066777,0.393239337463284,0.2060249315605752,0.5336701192458717,0.0085972833330743,0.1613212314191839,-0.6394455944323794,8.97653341293335
"[2,4,7,19]",DOF3_DOF5_DOF8_DOF20,"[3, 5, 8, 20]",6,2.5339037816170733,0.3946479764749755,0.2066816621377048,0.5360790909098219,0.0067726503766607,0.5025039792964029,0.2650500756896647,9.20530128479004
"[2,4,7,13]",DOF3_DOF5_DOF8_DOF14,"[3, 5, 8, 14]",6,2.531878606941477,0.3949636436975443,0.2188028298416614,0.5022550717672858,0.0074307747466567,0.408031993165889,-0.2689650780232404,8.743919134140015
"[6,11,12,18]",DOF7_DOF12_DOF13_DOF19,"[7, 12, 13, 19]",6,2.5205744671285206,0.3967349558756325,0.2336096848959009,0.4659364876873149,0.0009500057834278,-1.6995309708051762,-2.147770999478476,8.778991222381592
"[1,2,6,13]",DOF2_DOF3_DOF7_DOF14,"[2, 3, 7, 14]",6,2.51744930661944,0.3972274624827834,0.2127746429839173,0.5269158797389302,0.0006452318048104,0.8043835706763548,0.1398004425722527,8.795830965042114
"[2,3,10,13]",DOF3_DOF4_DOF11_DOF14,"[3, 4, 11, 14]",6,2.5131130338818752,0.3979128620620931,0.2168331532603045,0.5169285238684579,0.0030945089565648,0.7829737243759475,0.1632917758774348,9.386926174163818
"[4,7,18,19]",DOF5_DOF8_DOF19_DOF20,"[5, 8, 19, 20]",6,2.511849610279961,0.3981130064096601,0.2081329540187379,0.5425611979769659,0.0016726619796827,0.2237390613056544,0.1868331685496058,8.800202369689941
"[6,8,11,17]",DOF7_DOF9_DOF12_DOF18,"[7, 9, 12, 18]",6,2.5108765807430973,0.398267285483836,0.2344109619763395,0.4678985283017068,0.0018367720379804,-1.6674983376239991,-2.105723947788847,9.336367845535278
"[2,3,6,13]",DOF3_DOF4_DOF7_DOF14,"[3, 4, 7, 14]",6,2.5086553915687784,0.3986199154169776,0.2129899227629055,0.530227221027354,0.0010093058899656,0.7787204790930788,0.1397064376107804,9.089388847351074
"[6,9,11,16]",DOF7_DOF10_DOF12_DOF17,"[7, 10, 12, 17]",6,2.4932262111564283,0.4010867507821036,0.2343083412746448,0.4763458783556026,0.0011470416599574,-1.6832917207135518,-2.1268976156876462,8.758509159088135
"[3,6,18,19]",DOF4_DOF7_DOF19_DOF20,"[4, 7, 19, 20]",6,2.4595073716355,0.4065854859920871,0.2130748994772411,0.5526223964120232,0.0018549554127578,0.7087100247676364,0.3531670915510548,8.826774597167969
"[2,3,11,13]",DOF3_DOF4_DOF12_DOF14,"[3, 4, 12, 14]",6,2.414997374494943,0.4140791251198435,0.2217648743517012,0.5492680722137708,0.0014085098664509,0.783262147060614,0.1654177463990435,8.947141885757446
"[2,14,18,19]",DOF3_DOF15_DOF19_DOF20,"[3, 15, 19, 20]",6,2.404481675228624,0.4158900482793295,0.2165083752903046,0.5692517425682296,0.00287126180289,0.5420240760710496,0.1026995353741102,8.803498029708862
"[0,4,8,12]",DOF1_DOF5_DOF9_DOF13,"[1, 5, 9, 13]",6,2.379037687529316,0.4203380237478051,0.2393936215231349,0.5169011323348686,0.0005801181493249,0.7800595360459625,0.1217845083563484,9.357183933258057
"[1,2,6,19]",DOF2_DOF3_DOF7_DOF20,"[2, 3, 7, 20]",6,2.37850850987936,0.4204315418019431,0.2247828008401443,0.5585116746543829,0.0033930966552967,0.8226191880680278,0.2626494501751838,9.48700499534607
"[5,11,12,14]",DOF6_DOF12_DOF13_DOF15,"[6, 12, 13, 15]",6,2.3757757205705787,0.420915152612747,0.2309696173186158,0.5426443826451038,0.0004000273668983,-0.6788593215538041,-0.8632881432857904,8.86864423751831
"[2,3,13,14]",DOF3_DOF4_DOF14_DOF15,"[3, 4, 14, 15]",6,2.329009666666038,0.4293670457062398,0.2195918810580706,0.5989945928857375,0.0025411427632207,0.8109016288049454,0.2431974519441894,13.865161895751951
"[6,10,12,15]",DOF7_DOF11_DOF13_DOF16,"[7, 11, 13, 16]",6,2.325956221150395,0.4299307058767787,0.2484982277988056,0.518289840143411,0.0006206805555848,-1.6932354461625585,-2.1401240165973885,9.386765718460085
"[6,7,9,17]",DOF7_DOF8_DOF10_DOF18,"[7, 8, 10, 18]",6,2.324917373512713,0.4301228127031358,0.2424465417528016,0.536102793411759,0.0008058651243724,-1.649626864717769,-2.0803172681855564,8.828344583511353
"[6,7,8,16]",DOF7_DOF8_DOF9_DOF17,"[7, 8, 9, 17]",6,2.3119499760622224,0.4325353101717694,0.2429176984184803,0.5416786781511242,0.0006014880079116,-1.649619053253147,-2.080309222295484,8.793127536773682
"[1,6,9,12]",DOF2_DOF7_DOF10_DOF13,"[2, 7, 10, 13]",6,2.3105609703228107,0.4327953310221363,0.2516764375106493,0.5170381734911033,0.0031106557920187,0.7749722806594505,0.1250868427131289,8.76794981956482
"[3,5,6,19]",DOF4_DOF6_DOF7_DOF20,"[4, 6, 7, 20]",6,2.296745183755226,0.435398757803285,0.2361882381703688,0.5684498489737628,0.0050614498419842,0.7059897386584807,0.2672194233079362,9.441678762435911
"[2,3,10,12]",DOF3_DOF4_DOF11_DOF13,"[3, 4, 11, 13]",6,2.269701969787622,0.4405864793302801,0.2476652823329132,0.551090637485606,0.0007894775480963,0.7584380837147195,0.1297591883400349,9.398801803588867
"[1,3,6,12]",DOF2_DOF4_DOF7_DOF13,"[2, 4, 7, 13]",6,2.244590034380993,0.4455156552780173,0.25256301561589,0.5506068178529335,0.0048050682720107,0.7275921019376619,0.1114053379356031,9.491985082626345
"[6,8,9,18]",DOF7_DOF9_DOF10_DOF19,"[7, 9, 10, 19]",6,2.233586393202886,0.4477104637818825,0.2495349717581508,0.5661082860413696,0.0007518381850483,-1.6670146333593374,-2.1044402671281865,8.704694747924805
"[0,2,3,14]",DOF1_DOF3_DOF4_DOF15,"[1, 3, 4, 15]",6,2.2253999414834644,0.4493574307057674,0.2288259851727676,0.6299332830961972,0.001095928986615,0.8199360857125578,0.1725272123939566,9.754857301712036
"[4,6,7,12]",DOF5_DOF7_DOF8_DOF13,"[5, 7, 8, 13]",6,2.208969125095309,0.4526998538083436,0.2567708696947733,0.559703804181853,0.000653052998435,0.2327790437293792,0.1171097470958194,8.897114515304565
"[1,2,12,13]",DOF2_DOF3_DOF13_DOF14,"[2, 3, 13, 14]",6,2.2005496901059365,0.4544319105785149,0.2404261338983004,0.6113686508398861,0.0005349777250861,0.8080243243909964,0.161161107480947,9.418478727340698
"[7,9,13,18]",DOF8_DOF10_DOF14_DOF19,"[8, 10, 14, 19]",6,2.1824549470456427,0.4581996074427575,0.2802761041817212,0.5082934339055848,0.0004160278816319,-2.8289243114454496,-3.627541717581882,8.724254846572876
"[6,7,9,14]",DOF7_DOF8_DOF10_DOF15,"[7, 8, 10, 15]",6,2.1736231587288453,0.4600613477925196,0.2607530515738686,0.5693750487261203,0.0005405832901791,-1.6496180349889968,-2.0802950364038195,9.502007961273192
"[7,9,13,19]",DOF8_DOF10_DOF14_DOF20,"[8, 10, 14, 20]",6,2.172955111708608,0.4602027877195866,0.2807621744610637,0.5126401791482504,0.0003310111327058,-2.8289664867903834,-3.627537018285391,8.772953748703003
"[6,7,9,19]",DOF7_DOF8_DOF10_DOF20,"[7, 8, 10, 20]",6,2.1706995021590902,0.4606809920042721,0.2534508510053468,0.592014555895154,0.0005009287124266,-1.6496152975898213,-2.0802853918553064,9.428711414337158
"[7,8,13,18]",DOF8_DOF9_DOF14_DOF19,"[8, 9, 14, 19]",6,2.1683257883985387,0.4611853095822847,0.2806132453715683,0.5158291356554847,0.0006373346259351,-2.824114838305733,-3.605645812381449,8.97493600845337
"[7,8,13,19]",DOF8_DOF9_DOF14_DOF20,"[8, 9, 14, 20]",6,2.159717134965328,0.4630235986963609,0.2809027774723087,0.520265432779982,0.0005583950211682,-2.8241151410490954,-3.6056827767416175,8.723600387573242
"[7,8,13,17]",DOF8_DOF9_DOF14_DOF18,"[8, 9, 14, 18]",6,2.146754727352337,0.4658194004450549,0.2848052992002002,0.517020028211343,0.0011418274176927,-2.824108159735385,-3.6055895243103553,9.265244245529177
"[2,3,4,18]",DOF3_DOF4_DOF5_DOF19,"[3, 4, 5, 19]",6,2.143998842220749,0.4664181623167568,0.2515215998178876,0.6135057108513106,0.0033912740182131,0.8013325055922115,0.3243639120608057,9.968302249908447
"[6,9,18,19]",DOF7_DOF10_DOF19_DOF20,"[7, 10, 19, 20]",6,2.139364390155793,0.4674285524239461,0.2604294204324807,0.5913520166162456,0.0005185235155901,-1.6807517313074187,-2.12343401263328,8.728332757949829
"[7,8,12,18]",DOF8_DOF9_DOF13_DOF19,"[8, 9, 13, 19]",6,2.136746969061532,0.4680011318500044,0.2826841682401272,0.5293926667918254,0.0005906046547655,-2.8241007620853225,-3.605561350416905,8.763214588165283
"[7,11,13,19]",DOF8_DOF12_DOF14_DOF20,"[8, 12, 14, 20]",6,2.1359940115758858,0.4681661065426338,0.2865285596133268,0.5189116481949081,0.0003694012217844,-2.831115170791103,-3.628669167806746,8.749895572662354
"[0,1,16,18]",DOF1_DOF2_DOF17_DOF19,"[1, 2, 17, 19]",6,2.120175516065348,0.4716590642711006,0.2637745525210007,0.5936573635319324,0.0020886902784695,0.7501394912992191,0.1176400582517244,8.716726303100586
"[1,2,3,13]",DOF2_DOF3_DOF4_DOF14,"[2, 3, 4, 14]",6,2.091174514578427,0.4782001659959524,0.2513288177579135,0.6479947604121409,0.0014636418757921,0.8020575755678546,0.1344626624954372,9.139340162277222
"[7,12,13,18]",DOF8_DOF13_DOF14_DOF19,"[8, 13, 14, 19]",6,2.0894477070016544,0.4785953707513,0.2932883037377892,0.5293026697438583,0.0010226520632083,-2.834434676487946,-3.636127558811181,8.811854600906372
"[6,8,18,19]",DOF7_DOF9_DOF19_DOF20,"[7, 9, 19, 20]",6,2.0731183244832665,0.4823651347769458,0.2675294635093346,0.6137478611543947,0.00047839727146,-1.6642379639817333,-2.1015533495119723,9.009831428527832
"[0,5,8,11]",DOF1_DOF6_DOF9_DOF12,"[1, 6, 9, 12]",6,2.0705139510653083,0.4829718725070244,0.2852810358399105,0.5645806706698043,0.0017520386536489,0.7375214652710523,0.1294641751874407,8.745238065719604
"[7,12,13,17]",DOF8_DOF13_DOF14_DOF18,"[8, 13, 14, 18]",6,2.064979508819713,0.4842663066276664,0.2985186155308507,0.5304828923306476,0.0015735756217812,-2.834443562450012,-3.636200836620385,9.49664306640625
"[7,13,15,18]",DOF8_DOF14_DOF16_DOF19,"[8, 14, 16, 19]",6,2.047100055913373,0.4884959077155484,0.2988817841620758,0.5416714051652409,0.0005826349127649,-2.8349770000712176,-3.629401732027732,8.746169567108154
"[7,8,11,19]",DOF8_DOF9_DOF12_DOF20,"[8, 9, 12, 20]",6,2.03346760979575,0.4917708033217263,0.2921905536515015,0.5700895003864848,0.000978490699102,-2.8240913866123645,-3.605601229659672,8.684330224990845
"[7,13,17,19]",DOF8_DOF14_DOF18_DOF20,"[8, 14, 18, 20]",6,2.024217237606097,0.494018122867389,0.3000354262531933,0.5541919688631441,0.0003101502419061,-2.8374640063590584,-3.645412776524864,9.351211071014404
"[2,4,18,19]",DOF3_DOF5_DOF19_DOF20,"[3, 5, 19, 20]",6,2.0102385770906435,0.4974533925447094,0.2790408327095658,0.6224453973842217,0.0111334150133188,0.4755428339925783,-0.0806303518213213,9.472802877426147
"[6,7,12,13]",DOF7_DOF8_DOF13_DOF14,"[7, 8, 13, 14]",6,2.0047090603842967,0.4988255002979326,0.2882080205868904,0.6016067059445049,0.0011026526093094,-1.6495902498988626,-2.0802612966011007,8.820774555206299
"[7,13,14,16]",DOF8_DOF14_DOF15_DOF17,"[8, 14, 15, 17]",6,1.9901115000177243,0.5024844085314334,0.3023932670664334,0.5716223580956252,0.0004663226306244,-2.83972052097284,-3.657583929653845,8.720062017440796
"[7,13,18,19]",DOF8_DOF14_DOF19_DOF20,"[8, 14, 19, 20]",6,1.9883821273523967,0.5029214386117762,0.303768533089548,0.5689500835783033,0.0004075253964401,-2.835189241719501,-3.632756964787971,8.889589548110962
"[6,7,18,19]",DOF7_DOF8_DOF19_DOF20,"[7, 8, 19, 20]",6,1.9853445850895304,0.5036908995588385,0.2818237667680061,0.6337067477518423,0.0013954215537523,-1.649594865929615,-2.0802669124017243,8.75212049484253
"[7,9,10,18]",DOF8_DOF10_DOF11_DOF19,"[8, 10, 11, 19]",6,1.9835889283825447,0.5041367118405096,0.2959462443842701,0.594775235131037,0.0003827032075302,-2.8292107032994296,-3.626646643306371,9.436399936676024
"[1,2,3,18]",DOF2_DOF3_DOF4_DOF19,"[2, 3, 4, 19]",6,1.9809111064802327,0.50481821053286,0.2788713290176597,0.6445774855295432,0.0068952315972031,0.7784162378933138,0.2196154002064123,9.38344430923462
"[7,15,18,19]",DOF8_DOF16_DOF19_DOF20,"[8, 16, 19, 20]",6,1.9185831316072977,0.5212179673237974,0.3154428259483039,0.5878621809322588,0.0004675609840584,-2.8396455676246006,-3.632381835010325,9.468397855758669
"[0,2,18,19]",DOF1_DOF3_DOF19_DOF20,"[1, 3, 19, 20]",6,1.8618447753077303,0.5371017032463706,0.3001344483833324,0.6767497522754102,0.0020968313328921,0.7660530413421639,0.173643956674956,8.762569665908813
"[6,7,9,12]",DOF7_DOF8_DOF10_DOF13,"[7, 8, 10, 13]",6,1.860162215893208,0.5375875240633047,0.3148744240797199,0.6362160705989447,0.0007495054790827,-1.6495563600296916,-2.0802193776947955,8.928768634796143
"[8,9,13,18]",DOF9_DOF10_DOF14_DOF19,"[9, 10, 14, 19]",6,1.8584719157637724,0.5380764656791565,0.3396066506552562,0.5669720360196331,0.000592048340574,-4.002903926656935,-5.253672968027965,9.450296640396118
"[8,9,13,19]",DOF9_DOF10_DOF14_DOF20,"[9, 10, 14, 20]",6,1.8528087815522432,0.5397211034159547,0.3395819319242765,0.5717713806194601,0.0003837654973419,-4.002906287178174,-5.253661511436762,8.743871212005615
"[7,8,9,19]",DOF8_DOF9_DOF10_DOF20,"[8, 9, 10, 20]",6,1.8450672109575696,0.5419856762178142,0.3112261083849852,0.6592212888928081,0.0006423344069238,-2.824220104013415,-3.606478215352084,8.91129183769226
"[7,16,18,19]",DOF8_DOF17_DOF19_DOF20,"[8, 17, 19, 20]",6,1.843261083575182,0.5425167432377841,0.3256229737006463,0.6196283967683508,0.0004766133642988,-2.841666522586392,-3.633133842959845,9.178829669952393
"[8,10,13,19]",DOF9_DOF11_DOF14_DOF20,"[9, 11, 14, 20]",6,1.8390374133787977,0.5437627275678404,0.3444561262286143,0.5693059910552567,0.0009900893977222,-3.998786045738166,-5.251289687300747,8.83259391784668
"[7,11,12,14]",DOF8_DOF12_DOF13_DOF15,"[8, 12, 13, 15]",6,1.8344914093527496,0.5451102114187542,0.3221425046377155,0.6369993054371967,0.0003589975603972,-2.8316195566898195,-3.6299480544899234,9.525289297103882
"[8,12,13,18]",DOF9_DOF13_DOF14_DOF19,"[9, 13, 14, 19]",6,1.826684918907287,0.5474397853989883,0.3462031172906334,0.5748981627660151,0.0004462228049912,-4.002298776907145,-5.246916891844052,8.67919373512268
"[1,2,18,19]",DOF2_DOF3_DOF19_DOF20,"[2, 3, 19, 20]",6,1.822154772747428,0.548800801641228,0.3093083822222935,0.6834225427886468,0.0058905888581648,0.7581904319257906,0.1725594513634865,9.83623743057251
"[8,12,13,19]",DOF9_DOF13_DOF14_DOF20,"[9, 13, 14, 20]",6,1.8174736886561045,0.5502142926413495,0.347289764795977,0.5797235137066702,0.0004259609607591,-4.002227470270321,-5.246959906455211,8.813973426818848
"[8,9,12,19]",DOF9_DOF10_DOF13_DOF20,"[9, 10, 13, 20]",6,1.817338016994819,0.5502553683721423,0.3442337895558252,0.5885097068481635,0.0008636283891974,-4.0028983494689205,-5.253647342241848,9.440511465072632
"[8,11,12,18]",DOF9_DOF12_DOF13_DOF19,"[9, 12, 13, 19]",6,1.8167810182299176,0.5504240687039317,0.3467449160661434,0.5818159353020166,0.00087150564165,-4.006165747663036,-5.247868936845825,8.86760663986206
"[8,13,15,18]",DOF9_DOF14_DOF16_DOF19,"[9, 14, 16, 19]",6,1.794720055618389,0.5571899622270867,0.3537674417807408,0.5811058331160851,0.0007095771143212,-4.005660578331942,-5.244874500004969,9.406595468521118
"[0,3,6,10]",DOF1_DOF4_DOF7_DOF11,"[1, 4, 7, 11]",6,1.7922358598717016,0.5579622762764012,0.335319602533382,0.635165498680279,0.0066949840984307,0.6679391412344065,0.1341209880371642,9.573951721191406
"[2,3,8,10]",DOF3_DOF4_DOF9_DOF11,"[3, 4, 9, 11]",6,1.7867130212032194,0.5596869716238969,0.335502199949063,0.640311270870771,0.0015165374012819,0.7130695994394266,0.1340805526486769,9.366877555847168
"[7,8,18,19]",DOF8_DOF9_DOF19_DOF20,"[8, 9, 19, 20]",6,1.7865607815481193,0.5597346646844433,0.322985346150533,0.6763597842941294,0.0004678806193017,-2.8244326500893138,-3.607809909010637,9.16985034942627
"[8,13,17,19]",DOF9_DOF14_DOF18_DOF20,"[9, 14, 18, 20]",6,1.7779840108346838,0.5624347541397556,0.3550383323299097,0.5925112566602191,0.0003496395753851,-3.995420746838824,-5.244688274499594,9.33739161491394
"[1,3,6,10]",DOF2_DOF4_DOF7_DOF11,"[2, 4, 7, 11]",6,1.7652120519625183,0.5665041765868638,0.3416535045791093,0.6413078836940441,0.0078582542967827,0.6785142756276138,0.134114118153291,9.4895179271698
"[8,14,15,18]",DOF9_DOF15_DOF16_DOF19,"[9, 15, 16, 19]",6,1.7641946362275698,0.5668308810509513,0.3591412211845233,0.5932883242223654,0.0007749277719995,-4.002578171305476,-5.243417029074956,9.37749433517456
"[7,8,12,13]",DOF8_DOF9_DOF13_DOF14,"[8, 9, 13, 14]",6,1.7567246713642404,0.5692411658462458,0.3368704796460875,0.6638244103784507,0.000642851354011,-2.824275994749174,-3.606953982038713,9.367083072662354
"[7,8,10,13]",DOF8_DOF9_DOF11_DOF14,"[8, 9, 11, 14]",6,1.7558989990841265,0.5695088387884737,0.33701194253078,0.6641364118621811,0.0009830421186052,-2.8248425369176045,-3.610311085310896,9.406936407089232
"[8,13,18,19]",DOF9_DOF14_DOF19_DOF20,"[9, 14, 19, 20]",6,1.7511999554141713,0.5710370177355,0.3588122656875763,0.6062813140244989,0.00052584278698,-3.996389128019686,-5.244431692356685,9.288499116897585
"[8,12,18,19]",DOF9_DOF13_DOF19_DOF20,"[9, 13, 19, 20]",6,1.7484885536532808,0.5719225315538142,0.35711609387089,0.6136808540195904,0.0003627755213528,-4.004166625533254,-5.247044310131198,8.725851774215698
"[6,7,9,11]",DOF7_DOF8_DOF10_DOF12,"[7, 8, 10, 12]",6,1.6977465222196408,0.5890160792029767,0.3509814762195883,0.6799628421031557,0.0009521649456776,-1.6495051686240394,-2.0801552860289827,9.279929399490356
"[9,10,13,19]",DOF10_DOF11_DOF14_DOF20,"[10, 11, 14, 20]",6,1.6454914447755016,0.6077211784803822,0.3975562064578766,0.6003420392900618,0.0009051654196809,-5.161545523337204,-6.972928121523923,8.861870288848877
"[7,10,11,12]",DOF8_DOF11_DOF12_DOF13,"[8, 11, 12, 13]",6,1.63553809362028,0.6114195712707947,0.3671110787592725,0.6978916844785249,0.0009280588807693,-2.8314705383853496,-3.630932202756497,8.796277284622192
"[9,12,13,18]",DOF10_DOF13_DOF14_DOF19,"[10, 13, 14, 19]",6,1.6339129386789826,0.612027713549331,0.401654060145231,0.6009349330514276,0.0009285367220096,-5.156207724188563,-6.96235179050898,8.87854290008545
"[8,9,18,19]",DOF9_DOF10_DOF19_DOF20,"[9, 10, 19, 20]",6,1.6265346030934085,0.6148040122211563,0.3721596584048716,0.693153172820787,0.0008148665801854,-4.002827590026379,-5.253608755311473,9.325465440750122
"[9,13,17,18]",DOF10_DOF14_DOF18_DOF19,"[10, 14, 18, 19]",6,1.6157484860322344,0.6189082079563428,0.4063293176476735,0.607325797678383,0.0002972224247059,-5.15443208322218,-6.958094715891804,9.931423664093018
"[9,13,18,19]",DOF10_DOF14_DOF19_DOF20,"[10, 14, 19, 20]",6,1.588634602577905,0.6294713701789537,0.4107247382267645,0.6249376568355013,0.0003690411952751,-5.153891615161154,-6.958237076072743,8.712955713272095
"[1,2,7,9]",DOF2_DOF3_DOF8_DOF10,"[2, 3, 8, 10]",6,1.5725747819308686,0.6358998067936639,0.3899282125202446,0.702309564538566,0.0032649336984225,0.6883968876861863,0.1170621583115885,9.530876874923706
"[8,9,10,13]",DOF9_DOF10_DOF11_DOF14,"[9, 10, 11, 14]",6,1.5695875955454228,0.6371100299444811,0.3885449839548892,0.7100274793253989,0.0011085645140459,-4.002899477156964,-5.253517820061665,9.06907343864441
"[2,3,7,9]",DOF3_DOF4_DOF8_DOF10,"[3, 4, 8, 10]",6,1.5647902114008163,0.6390633023600173,0.3903299692111682,0.7103570480788729,0.0021673264248723,0.6813664151502593,0.1171392932657091,9.378456830978394
"[2,3,8,9]",DOF3_DOF4_DOF9_DOF10,"[3, 4, 9, 10]",6,1.5639378629495435,0.6394115928061641,0.3903735819684623,0.7111458594392959,0.0027392006789644,0.6828033778860526,0.1173320934383003,9.859731674194336
"[2,6,8,9]",DOF3_DOF7_DOF9_DOF10,"[3, 7, 9, 10]",6,1.5556276541735674,0.6428273483796467,0.3937378890800769,0.7105565995825958,0.0078929889132268,0.2105253309938827,-0.3389067058415989,8.741536617279053
"[3,4,6,9]",DOF4_DOF5_DOF7_DOF10,"[4, 5, 7, 10]",6,1.55143291766676,0.6445654134388062,0.3915961563218594,0.7226033045231719,0.0011620106767319,0.6743183418521189,0.1168589907274008,9.545408010482788
"[3,4,7,9]",DOF4_DOF5_DOF8_DOF10,"[4, 5, 8, 10]",6,1.5422876052999592,0.6483874969636211,0.3963979141418175,0.7193902537042607,0.0040598805062472,0.674576555621806,0.1172881043400332,9.587035179138184
"[6,7,9,10]",DOF7_DOF8_DOF10_DOF11,"[7, 8, 10, 11]",6,1.532433147466196,0.6525570147395462,0.3938937984781345,0.7389035141688691,0.0009397260461507,-1.6494398981757543,-2.0800670320623844,8.905288219451904
"[9,17,18,19]",DOF10_DOF18_DOF19_DOF20,"[10, 18, 19, 20]",6,1.464594342275621,0.6827829188830405,0.4357397865695882,0.7057752571540407,0.0004358461907637,-5.151457266446822,-6.949526107846612,9.11334490776062
"[2,5,7,8]",DOF3_DOF6_DOF8_DOF9,"[3, 6, 8, 9]",6,1.3911833948014614,0.718812489953074,0.4492655892432862,0.7685883586467008,0.0108195036688509,0.024347830976902,-0.6675553056797205,9.304768800735474
"[2,4,7,8]",DOF3_DOF5_DOF8_DOF9,"[3, 5, 8, 9]",6,1.388773676343661,0.7200597311373254,0.450545099844418,0.7689140028466285,0.0078946059317483,0.5606364525591401,0.0081891865573905,8.740760564804077
"[11,13,18,19]",DOF12_DOF14_DOF19_DOF20,"[12, 14, 19, 20]",6,1.3246848797709212,0.7548965155936604,0.5208472405688699,0.6685259922417449,0.0013035548035986,-7.418063803986899,-10.457839190409684,9.232932567596436
"[0,1,2,7]",DOF1_DOF2_DOF3_DOF8,"[1, 2, 3, 8]",6,1.304824894421702,0.766386359023212,0.4905589442119822,0.7874464470010879,0.0044231672169795,0.583240067838933,-0.0253939063755226,8.709454536437988
"[0,2,3,7]",DOF1_DOF3_DOF4_DOF8,"[1, 3, 4, 8]",6,1.2951415959979378,0.7721163485820876,0.494112229641389,0.7935356631874004,0.0053327365021687,0.582381963370978,-0.0246221214355935,8.863324165344238
"[1,3,6,7]",DOF2_DOF4_DOF7_DOF8,"[2, 4, 7, 8]",6,1.2708969981931126,0.7868458273333487,0.5066697000683957,0.7983585801363549,0.0150124843445761,0.5820120468209916,-0.0239390303978515,9.387623071670532
"[12,13,18,19]",DOF13_DOF14_DOF19_DOF20,"[13, 14, 19, 20]",6,1.1972173234779335,0.835270239068867,0.5791317115759917,0.731659266230415,0.0011556862446013,-8.549925042913154,-12.153331804444006,8.919059038162231
"[13,14,18,19]",DOF14_DOF15_DOF19_DOF20,"[14, 15, 19, 20]",6,1.0747215131469088,0.9304736043394252,0.6477879195790304,0.8070513547763553,0.0043542117734129,-9.677206325298744,-13.776264652932646,8.760178089141846
"[13,16,18,19]",DOF14_DOF17_DOF19_DOF20,"[14, 17, 19, 20]",6,1.0708463297099473,0.933840806336603,0.6503318249605674,0.8095969014622668,0.003001317284846,-9.681658581451591,-13.765210296075889,8.777331829071045
"[14,15,17,18]",DOF15_DOF16_DOF18_DOF19,"[15, 16, 18, 19]",6,1.0002616239555082,0.9997384444726832,0.7004804977161467,0.854370154197827,0.004567855745942,-10.76042337120732,-15.282552638064942,9.500835180282593
