case_id,split,quake_group,eq_file,response10_file
train_000_example1,train,example,eq_data/train/example1.txt,responses_10dof/train/response10_train_000_example1.csv
train_001_far_001_NGA_no_1111_NIS000,train,far,eq_data/train/far_001_NGA_no_1111_NIS000.txt,responses_10dof/train/response10_train_001_far_001_NGA_no_1111_NIS000.csv
train_002_far_002_NGA_no_1111_NIS090,train,far,eq_data/train/far_002_NGA_no_1111_NIS090.txt,responses_10dof/train/response10_train_002_far_002_NGA_no_1111_NIS090.csv
train_003_far_003_NGA_no_1116_SHI000,train,far,eq_data/train/far_003_NGA_no_1116_SHI000.txt,responses_10dof/train/response10_train_003_far_003_NGA_no_1116_SHI000.csv
train_004_far_004_NGA_no_1116_SHI090,train,far,eq_data/train/far_004_NGA_no_1116_SHI090.txt,responses_10dof/train/response10_train_004_far_004_NGA_no_1116_SHI090.csv
train_005_far_005_NGA_no_1148_ARC000,train,far,eq_data/train/far_005_NGA_no_1148_ARC000.txt,responses_10dof/train/response10_train_005_far_005_NGA_no_1148_ARC000.csv
train_006_far_006_NGA_no_1148_ARC090,train,far,eq_data/train/far_006_NGA_no_1148_ARC090.txt,responses_10dof/train/response10_train_006_far_006_NGA_no_1148_ARC090.csv
train_007_nearNP_001_NGA_no_1004_0637-270,train,near,eq_data/train/nearNP_001_NGA_no_1004_0637-270.txt,responses_10dof/train/response10_train_007_nearNP_001_NGA_no_1004_0637-270.csv
train_008_nearNP_002_NGA_no_1004_0637-360,train,near,eq_data/train/nearNP_002_NGA_no_1004_0637-360.txt,responses_10dof/train/response10_train_008_nearNP_002_NGA_no_1004_0637-360.csv
train_009_nearP_001_NGA_no_1063_RRS228,train,near,eq_data/train/nearP_001_NGA_no_1063_RRS228.txt,responses_10dof/train/response10_train_009_nearP_001_NGA_no_1063_RRS228.csv
train_010_nearP_002_NGA_no_1063_RRS318,train,near,eq_data/train/nearP_002_NGA_no_1063_RRS318.txt,responses_10dof/train/response10_train_010_nearP_002_NGA_no_1063_RRS318.csv
val_000_far_007_NGA_no_1158_DZC180,val,far,eq_data/val/far_007_NGA_no_1158_DZC180.txt,responses_10dof/val/response10_val_000_far_007_NGA_no_1158_DZC180.csv
val_001_nearNP_003_NGA_no_1048_STC090,val,near,eq_data/val/nearNP_003_NGA_no_1048_STC090.txt,responses_10dof/val/response10_val_001_nearNP_003_NGA_no_1048_STC090.csv
val_002_nearP_003_NGA_no_1086_SYL360,val,near,eq_data/val/nearP_003_NGA_no_1086_SYL360.txt,responses_10dof/val/response10_val_002_nearP_003_NGA_no_1086_SYL360.csv
test_000_far_008_NGA_no_1158_DZC270,test,far,eq_data/test/far_008_NGA_no_1158_DZC270.txt,responses_10dof/test/response10_test_000_far_008_NGA_no_1158_DZC270.csv
test_001_far_009_NGA_no_1244_CHY101-E,test,far,eq_data/test/far_009_NGA_no_1244_CHY101-E.txt,responses_10dof/test/response10_test_001_far_009_NGA_no_1244_CHY101-E.csv
test_002_nearNP_004_NGA_no_1048_STC180,test,near,eq_data/test/nearNP_004_NGA_no_1048_STC180.txt,responses_10dof/test/response10_test_002_nearNP_004_NGA_no_1048_STC180.csv
test_003_nearP_004_NGA_no_1165_IZT180,test,near,eq_data/test/nearP_004_NGA_no_1165_IZT180.txt,responses_10dof/test/response10_test_003_nearP_004_NGA_no_1165_IZT180.csv
test_004_nearP_005_NGA_no_1503_TCU065-E,test,near,eq_data/test/nearP_005_NGA_no_1503_TCU065-E.txt,responses_10dof/test/response10_test_004_nearP_005_NGA_no_1503_TCU065-E.csv
