mask_name,sensor_floors_1based,rank,n_cases,mean_unmon_nrmse,median_unmon_nrmse,worst_unmon_nrmse,std_unmon_nrmse,mean_prior_nrmse,mean_improve_ratio,mean_worst_R2,worst_worst_R2,mean_recon_R2,mean_true_p,worst_true_p,mean_rmse_unmonitored
DOF3_DOF6_DOF10,"[3, 6, 10]",1,19,0.03975057042697801,0.028323024329818654,0.13120708192042957,0.03163532737323775,0.18605311191674226,0.20544752637560837,0.9536412706483767,0.8071057179728958,0.9902778937068473,0.00041052131755828957,0.00556535366922617,3.4492468014142185e-05
DOF2_DOF5_DOF9,"[2, 5, 9]",2,19,0.03994398297642734,0.025280594773246092,0.18462900364314042,0.04882051595165081,0.10300178768690296,0.3580292851533137,0.9888531158188162,0.9105008519135627,0.9956244687420229,0.000804433418651522,0.011310636065900326,4.269476021258444e-05
DOF1_DOF5_DOF9,"[1, 5, 9]",3,19,0.04225674861194111,0.025355180147731776,0.21036095894776602,0.05043486377032636,0.07176495189582427,0.5914628949607984,0.9900800790832639,0.8952152806492955,0.9954899437733196,0.0008163115335743274,0.010190083645284176,4.945251881638657e-05
DOF2_DOF5_DOF10,"[2, 5, 10]",4,19,0.04257614147404555,0.02940107757531742,0.18757958463579213,0.040825279774751436,0.11573928356438155,0.3466680090743818,0.9890801446904607,0.9063297690472988,0.9960941594816539,0.0004516579987179476,0.0040575419552624226,4.499102905870304e-05
DOF3_DOF5_DOF10,"[3, 5, 10]",5,19,0.042876105062239475,0.03162424837460705,0.17714277841310214,0.03501223696114904,0.193712111298907,0.20698059153485565,0.9596459241262879,0.894920877085336,0.9911372451311603,0.00024759816197298567,0.001377265085466206,4.4727117669491305e-05
DOF3_DOF5_DOF9,"[3, 5, 9]",6,19,0.04345792511062809,0.028677055297585168,0.17361164320754416,0.040207525157142994,0.184936244268251,0.2204768699639845,0.9582866556346153,0.8544349446310308,0.9905775955219077,0.0006340406283638195,0.007001136429607868,4.4128748904036457e-05
DOF2_DOF7_DOF9,"[2, 7, 9]",7,19,0.04541376249482602,0.031925603183612726,0.17337846381678657,0.03499279408292962,0.11964818398238716,0.3622651536421943,0.9906230992678874,0.921281959127165,0.9958720858610084,0.000312185224940645,0.002589314477518201,4.557456999191385e-05
DOF3_DOF7_DOF9,"[3, 7, 9]",8,19,0.04835951167765146,0.037435670834870774,0.15374185723071188,0.02988600828369775,0.19062544683865265,0.24383442216103346,0.9527726783982269,0.8744818654802115,0.9892371414504707,0.0003437014142706941,0.0033112892415374517,4.4028086139322135e-05
DOF3_DOF6_DOF9,"[3, 6, 9]",9,19,0.04841058556800355,0.03688292035065663,0.15025960000359745,0.03611141120941036,0.18291275281851407,0.25648987421298153,0.9549297010892018,0.8675944628941196,0.9898536797584915,0.0007230654982298514,0.0077830771915614605,4.0045089916749726e-05
DOF2_DOF6_DOF10,"[2, 6, 10]",10,19,0.04943215667597748,0.03997778445415101,0.19640074310989328,0.04581058700424595,0.10705241590420393,0.4611417719797269,0.9884402490058362,0.9173798365789019,0.9944428600162603,0.0013332376281476556,0.015267808921635151,3.35823714710829e-05
DOF1_DOF5_DOF10,"[1, 5, 10]",11,19,0.05057545645241348,0.0347538421920707,0.21398229990247986,0.050451412507755665,0.08937280760185695,0.5717161830265786,0.985646425280914,0.8911884958962122,0.994376892337256,0.0010829199575374858,0.013066347688436508,5.257660735573943e-05
DOF2_DOF4_DOF9,"[2, 4, 9]",12,19,0.05189115498311361,0.03013832489659845,0.3003911921747406,0.0645179880565522,0.11817422651535732,0.39697400374485897,0.9814557398188151,0.7768148761704089,0.9931705334834104,0.0005813951764522292,0.005983978044241667,6.894145978939515e-05
DOF3_DOF6_DOF8,"[3, 6, 8]",13,19,0.05224079422000671,0.0390527884451435,0.2061892891275978,0.04274271082457975,0.19678298061100552,0.2497011454323119,0.9542269746408989,0.8525534618502147,0.9896015845619303,0.00035373431762165735,0.003452036762610078,5.420735130685503e-05
DOF3_DOF5_DOF8,"[3, 5, 8]",14,19,0.054401760568433946,0.038609045303970344,0.2385352157759604,0.05012112101768173,0.1938847837863457,0.25974474536575853,0.9511057505256127,0.8158315991645082,0.989220982738345,0.0006224011541282954,0.006625210400670767,6.0302971803630196e-05
DOF2_DOF6_DOF8,"[2, 6, 8]",15,19,0.05448777249568611,0.04102886928706485,0.20410459750520416,0.04659198532669581,0.12428588964590445,0.42804637002224605,0.986782831174695,0.88709908567921,0.9948792938947664,0.0006180148402084964,0.005168193485587835,5.312634961135904e-05
DOF1_DOF6_DOF10,"[1, 6, 10]",16,19,0.05461393590295239,0.04339176859754633,0.22221202173618107,0.05630445394940717,0.09104590738524405,0.6131043185366335,0.9868776925265393,0.8999283572397428,0.9935561738278347,0.0014876123134040665,0.020805634558200836,4.907557275201293e-05
DOF2_DOF4_DOF8,"[2, 4, 8]",17,19,0.054830610185950986,0.03528002167495493,0.31932407520964906,0.06966978694083092,0.12214984659468675,0.3979778430382383,0.9828000015349305,0.785300650634061,0.9934462565631224,0.0006318772872251238,0.00928732194006443,7.41697064679261e-05
DOF1_DOF4_DOF9,"[1, 4, 9]",18,19,0.056849370619857675,0.03851265640872972,0.3008127884960154,0.06623835168426626,0.08442129107529428,0.6794793705020508,0.9816923545556712,0.7693951715774645,0.9924166244816535,0.0009676192948015677,0.011088439263403416,7.202000036992511e-05
DOF2_DOF6_DOF9,"[2, 6, 9]",19,19,0.05711273692828776,0.04263209120347824,0.2102790531959424,0.04935575593565363,0.10293789583842701,0.5635756103413251,0.9858118644609569,0.9153360020346873,0.9932304676514183,0.0015795688138352585,0.01597694866359234,3.8173375501623036e-05
DOF3_DOF4_DOF9,"[3, 4, 9]",20,19,0.05737049964755612,0.034948173212427935,0.29598219892528677,0.06365351750026486,0.19528911596972479,0.26457152047385596,0.9557195042066878,0.7875037880831239,0.9882204411373926,0.0006571647322025934,0.007348311133682728,6.994488801647275e-05
DOF2_DOF5_DOF8,"[2, 5, 8]",21,19,0.05742127409141708,0.032345130878004204,0.24201583931978313,0.06292410857402501,0.11852269189447844,0.46576396750745547,0.9821379502040669,0.8417155679600833,0.993631928096861,0.001299127310152184,0.017913872376084328,5.975414067780408e-05
DOF3_DOF4_DOF8,"[3, 4, 8]",22,19,0.05823904846048482,0.03560235998088581,0.3166229734092122,0.06632452132543465,0.19610172406406667,0.2635885747783395,0.9578869550454054,0.7906656300388561,0.9890217203599275,0.0003774896387384567,0.0036895263474434614,7.510730729783442e-05
DOF1_DOF6_DOF8,"[1, 6, 8]",23,19,0.05840457849809188,0.04648759173476784,0.24612416479078794,0.05161156689313437,0.10892784099798933,0.5444157566240919,0.9878624400423348,0.8829643155049489,0.9939217284319461,0.0006705687776143589,0.004546701442450285,6.380825062440923e-05
DOF2_DOF7_DOF8,"[2, 7, 8]",24,19,0.05845028030083035,0.040655242126862334,0.23178968949433074,0.048283290303957366,0.13979059833185634,0.40469823308513814,0.9891768472069793,0.9072129410810579,0.994269056998215,0.0004955472682731374,0.004023465793579817,6.044028628068397e-05
DOF3_DOF7_DOF8,"[3, 7, 8]",25,19,0.05949042942784589,0.04716628723562955,0.21940979207689973,0.0418932485530428,0.2048312626924245,0.275901027241505,0.9516616913263097,0.8978051888468586,0.9880496796208366,0.0003946016322037107,0.0015037013217806816,5.964689632891259e-05
DOF2_DOF4_DOF10,"[2, 4, 10]",26,19,0.05962173327806763,0.04050268881828634,0.3235791189402139,0.06554731357242859,0.1411837335803007,0.3914853970878401,0.9818057363713532,0.7445161559463651,0.9929297379270885,0.0003045959644001222,0.0025599212385714054,7.669748221255018e-05
DOF3_DOF7_DOF10,"[3, 7, 10]",27,19,0.05975148240089403,0.04617770061360945,0.16919506494059638,0.040572251283704515,0.1914137760528842,0.30393475051489505,0.948732333185468,0.8323923177359092,0.9876495157069086,0.0008325513653720631,0.007874693721532822,4.685890071118789e-05
DOF1_DOF4_DOF8,"[1, 4, 8]",28,19,0.0599813238265158,0.039635663771109955,0.31851908453383354,0.06846021557679385,0.09115833570516503,0.6496952352540838,0.9834128038606442,0.7813442320695501,0.992927966485384,0.0008258948383675153,0.007443946786224842,7.723115426740918e-05
DOF1_DOF7_DOF9,"[1, 7, 9]",29,19,0.06100235867714908,0.045294845959119444,0.2547531345047654,0.05045651503040547,0.1176306949146205,0.5101859821227482,0.9814157496004495,0.8144626304292986,0.9923380610132402,0.0004958350568095307,0.0034880260936915874,6.703130298608333e-05
DOF1_DOF5_DOF8,"[1, 5, 8]",30,19,0.06190108918832288,0.042629171640340247,0.2572175396546681,0.06519004245117106,0.09245715423687474,0.6961600434417784,0.9816671713019595,0.8340589843313061,0.9929742393701513,0.0016181184774292266,0.019842546433210373,6.52212204222229e-05
DOF1_DOF6_DOF9,"[1, 6, 9]",31,19,0.06214946806640016,0.04804659323828824,0.19318394927627128,0.05134252905851284,0.08544840233732495,0.7880035533726576,0.985962164588453,0.9005928466803098,0.9933263625619384,0.0014545975975220483,0.013798737898468971,5.3090253233710383e-05
DOF1_DOF4_DOF10,"[1, 4, 10]",32,19,0.06367922950112537,0.04292740265576966,0.3229785936847011,0.06585434741677479,0.11405437328153827,0.5530530819271183,0.9782403165601933,0.7368109399933049,0.9918405732140608,0.0006793134447147359,0.0054724509827792645,7.936270115419752e-05
DOF3_DOF4_DOF10,"[3, 4, 10]",33,19,0.06375545259626385,0.044174840950109956,0.3191176662725419,0.06369980466891537,0.21172963593783467,0.2745998278714391,0.9542342960176147,0.7558755457805213,0.9877987851323364,0.0003448822830442192,0.0023394012823700905,7.687012633600015e-05
DOF2_DOF3_DOF8,"[2, 3, 8]",34,19,0.0651768647397539,0.04354039292754521,0.4027673908200124,0.08374038053461823,0.13423963439909245,0.42683568836489494,0.9823594527972606,0.7479517403466579,0.9905050532822649,0.0002967137908471111,0.0014600231079384685,9.404615277296153e-05
DOF2_DOF7_DOF10,"[2, 7, 10]",35,19,0.06827022650095083,0.05362544813403634,0.22767806878320038,0.05514256788781355,0.11992640613192922,0.572155540267277,0.9828205641952898,0.890194269994295,0.9921205491684035,0.0017558975276570938,0.018344301730394363,5.098297134374343e-05
DOF3_DOF8_DOF10,"[3, 8, 10]",36,19,0.06847809987507451,0.04986121654388821,0.30411234761918743,0.05903265600353899,0.20830224920062376,0.3038602585033608,0.9453716929986791,0.8060997797101521,0.984701808192504,0.0002908091865767921,0.002277946565300226,7.511155726991445e-05
DOF3_DOF8_DOF9,"[3, 8, 9]",37,19,0.06913064346352236,0.0502619558041341,0.2870359087861119,0.05563618858759787,0.2077570763577156,0.31089828048078333,0.9453643735719601,0.8128841934280635,0.9846084166422886,0.0003875832140022938,0.003114340826869011,7.388780785527773e-05
DOF1_DOF3_DOF8,"[1, 3, 8]",38,19,0.07100640116507197,0.04784700447184954,0.393868952443151,0.08262856840026353,0.10489221461727902,0.6525240154371222,0.981422276464977,0.7473938326203429,0.9896693788280301,0.0007092217686141865,0.005779295694082975,9.590849606548492e-05
DOF1_DOF7_DOF8,"[1, 7, 8]",39,19,0.07266216881258476,0.05247289353044131,0.2921281936660638,0.05912640794795753,0.1370095169254972,0.5272443609323871,0.9821103190963048,0.8191402360418467,0.9908665673197077,0.0007287191198740498,0.003907998092472553,7.8234824243502e-05
DOF2_DOF3_DOF9,"[2, 3, 9]",40,19,0.07384884918642312,0.047167978191241695,0.4115476196219386,0.08398813481265956,0.14331267041845888,0.48119968951083775,0.9707842154084669,0.6238257616849754,0.9879643169575464,0.00045567728068961416,0.0031302282586693764,9.88315046075209e-05
DOF1_DOF3_DOF9,"[1, 3, 9]",41,19,0.07467311270887758,0.04734406323861349,0.40199620592896707,0.08251398748646256,0.11496740337272579,0.6428988746862078,0.972766811773518,0.619837034628679,0.9880846036636092,0.0006183551320550338,0.006379997823387384,9.974516898446611e-05
DOF2_DOF8_DOF9,"[2, 8, 9]",42,19,0.0789932233888901,0.05906840069487483,0.3230030285537877,0.0629062306097923,0.150799363968971,0.5061655541495624,0.9732476224556603,0.7414102291477596,0.988424460479826,0.0006850063052154024,0.005249116104096174,8.396534847687546e-05
DOF2_DOF8_DOF10,"[2, 8, 10]",43,19,0.08235472573963953,0.06207077181156506,0.33958046563712335,0.0671983619499537,0.15064262633542194,0.5288425824714568,0.972760057430171,0.7349943792550521,0.9879742399707978,0.0007668951322174459,0.0070506795309484005,8.557186786956061e-05
DOF1_DOF2_DOF8,"[1, 2, 8]",44,19,0.08284622143587367,0.058881407340526416,0.43852044072765417,0.0890353937635777,0.12860950521149225,0.6095052198800313,0.9755712253167258,0.6946239238775176,0.9857711283303321,0.00034820265577046054,0.0024732949677854776,0.00011265627026111767
DOF1_DOF7_DOF10,"[1, 7, 10]",45,19,0.08302375380351452,0.057040776792753434,0.265471378529442,0.06889093427840204,0.11826411724742307,0.7340565954715883,0.9759588393377274,0.8119586973168893,0.988778270123073,0.0021526441188670056,0.02424893155694008,7.184652434632563e-05
DOF4_DOF5_DOF9,"[4, 5, 9]",46,19,0.08504040395112523,0.07259103632164128,0.23812279878794182,0.038573524186918826,0.28949048855928006,0.2860063750573337,0.7794482690108687,0.6852070292569675,0.9487539675329371,0.00036364160309619223,0.0021337156649678946,7.712144613766968e-05
DOF4_DOF5_DOF10,"[4, 5, 10]",47,19,0.08706866620993621,0.07542742866902459,0.24498043872200204,0.038960797700345155,0.29699323620580814,0.28551608417572066,0.7795671179605766,0.7011926025675275,0.9485369899537681,0.00031816243656641364,0.0009960219031199813,7.773096314043454e-05
DOF4_DOF6_DOF9,"[4, 6, 9]",48,19,0.08769232900886337,0.07813213899168976,0.2146917298539954,0.031538715723820214,0.29037324772260825,0.2963867481160609,0.7617292173466461,0.6738634580614465,0.9450374787868993,0.00034190701492326826,0.001784146181307733,7.427891578101315e-05
DOF4_DOF6_DOF10,"[4, 6, 10]",49,19,0.08833668718756799,0.0783990532402006,0.21753381681490866,0.03224548674826694,0.2940426058660114,0.2947310053942557,0.7636730534629576,0.6743952111713537,0.9453192001744797,0.0002967343967420196,0.001217887387610972,7.344806377540366e-05
DOF4_DOF5_DOF8,"[4, 5, 8]",50,19,0.09064893040424152,0.07567929801603765,0.2911380562830955,0.049352687977309816,0.293753859872962,0.2972660270115978,0.7794013908818446,0.7129024992411156,0.9474980814390584,0.0003328324367574073,0.00118819042108953,8.916481447283531e-05
DOF2_DOF3_DOF10,"[2, 3, 10]",51,19,0.09210010762123781,0.06718363115813307,0.45308961125728425,0.08837681787860711,0.17573802279876954,0.5073850613647324,0.9639172845758273,0.5595505147840969,0.9849997370286787,0.0004165514711578573,0.00237438571639359,0.00011369302165994723
DOF4_DOF6_DOF8,"[4, 6, 8]",52,19,0.09432800803176539,0.08111067523068424,0.27029858085839364,0.043728444559258145,0.29798696746490666,0.3078487853688319,0.7656324029658478,0.6820075055157897,0.9441742677775838,0.00035264580755641584,0.0015381926205009222,8.669908715627205e-05
DOF1_DOF3_DOF10,"[1, 3, 10]",53,19,0.09520269130080351,0.06893643161303868,0.4417552400681007,0.08621018671444382,0.15270798456897433,0.6276909030789658,0.9659995196502563,0.5545219298716489,0.9848137446643872,0.000773070365539752,0.006849273573607206,0.0001152356042758193
DOF4_DOF7_DOF9,"[4, 7, 9]",54,19,0.09684322712845761,0.08524320598679365,0.2476734478700728,0.03824327261586777,0.2960975878125529,0.3201948729599429,0.7426166151875826,0.5985726649658211,0.9391629836392713,0.00033275994907231316,0.0019223944982513785,8.276686452824232e-05
DOF4_DOF7_DOF10,"[4, 7, 10]",55,19,0.09774504668871746,0.08580197050585789,0.25901522140006167,0.03977892817154355,0.2981473455292216,0.32037495694140583,0.7431234698250078,0.5929798507009667,0.9392890156275877,0.00032793636446034436,0.001351130660623312,8.334937785873019e-05
DOF4_DOF7_DOF8,"[4, 7, 8]",56,19,0.09941639175090977,0.08635856687317099,0.2903890534424066,0.046688070770369086,0.3044191708912122,0.3170717587529298,0.7472719687103931,0.6065967170275071,0.9392943908366772,0.00027635486223612373,0.0007597169606015086,9.237622663284572e-05
DOF1_DOF2_DOF9,"[1, 2, 9]",57,19,0.10049744214180119,0.07648563086236024,0.46972205057792,0.09103979746435724,0.15177018184655083,0.6561161313642164,0.9606254830519618,0.5188895450651612,0.9808063690007479,0.0003331504366973317,0.001736809965223074,0.00012739390343851717
DOF1_DOF5_DOF7,"[1, 5, 7]",58,19,0.1013731457920152,0.07848574348588928,0.3802533016887729,0.07087518562513127,0.15613374091722107,0.6621524558350006,0.9632471077093135,0.5942786753066678,0.9892792602177112,0.0003856374257195153,0.0032698947470635176,0.00011106336377586092
DOF3_DOF9_DOF10,"[3, 9, 10]",59,19,0.10165258039107988,0.07864681379365972,0.46042883570416643,0.08806858399189206,0.23372006120589492,0.4057791257752266,0.9300176061189888,0.607886610217245,0.9762631512195622,0.0004233843574183993,0.001543784630484879,0.0001113572859379148
DOF1_DOF8_DOF9,"[1, 8, 9]",60,19,0.1023064825160442,0.08023109642107067,0.3814115943991387,0.07352213387781661,0.16198514311747003,0.6309344758106675,0.9642617587220293,0.674766556559709,0.9822127644957219,0.0012110250425298307,0.011049788445234299,0.00010555696496311293
DOF1_DOF8_DOF10,"[1, 8, 10]",61,19,0.10253759438559723,0.08291909704959151,0.3978905208871606,0.07658112005029312,0.16213594783739663,0.6281901075937127,0.9644568294761653,0.6686263372135273,0.9823691826210836,0.0009680747324110646,0.00872267410159111,0.00010646561539821068
DOF2_DOF5_DOF7,"[2, 5, 7]",62,19,0.1031446748673818,0.08295052194765179,0.38385809904664575,0.07159410905526392,0.17308675799745754,0.5921836432699102,0.9629846993181385,0.5942597011348094,0.9893244129769032,0.00042650394626482583,0.004347874782979488,0.00010959558446348822
DOF3_DOF6_DOF7,"[3, 6, 7]",63,19,0.10363511314750058,0.08309712232492042,0.389628597746552,0.07196239156188185,0.23682053383770765,0.4181031483158405,0.9428343659828134,0.6083643348870926,0.9835237723415455,0.0002484180279823608,0.0011533127399161458,0.00010916773598854807
DOF1_DOF3_DOF7,"[1, 3, 7]",64,19,0.10379861369300089,0.08039086691186505,0.41661649763168374,0.0790632754549735,0.15108419289826527,0.6875852151520817,0.9596728282399607,0.5451179934475281,0.987675282586644,0.00026928500406747365,0.0019925259985029697,0.00012021674788683727
DOF3_DOF4_DOF7,"[3, 4, 7]",65,19,0.1043213531978474,0.08381485893009434,0.4035993321141057,0.07520279325194418,0.22940792269155694,0.4332745539995377,0.9470540073763299,0.5739603380422698,0.9842388527064105,0.0002295678457717019,0.0009224839741364121,0.0001142581685151863
DOF3_DOF5_DOF7,"[3, 5, 7]",66,19,0.10496714156803506,0.0825575937910777,0.3908556312587607,0.07231189601634441,0.23198277954646884,0.43332871247812155,0.9409723753678956,0.5948836701765219,0.9833534408190453,0.0003566741231081419,0.003053321735933423,0.00011099019405486435
DOF1_DOF6_DOF7,"[1, 6, 7]",67,19,0.10591415251076337,0.08427997392895872,0.396411204499734,0.07423437216806433,0.1689752184054027,0.638985903209825,0.9636002396702853,0.608461725118857,0.9874201752697834,0.0006563709953058462,0.005227360874414444,0.00011379116617866535
DOF2_DOF4_DOF7,"[2, 4, 7]",68,19,0.10663407213273235,0.08280156839587786,0.39745631415687693,0.07646509629322552,0.17059149510774213,0.6209314144286869,0.9467001163442835,0.5726988321620414,0.98579539493242,0.0010853637370593404,0.016410797834396362,0.00011380726951607885
DOF2_DOF3_DOF7,"[2, 3, 7]",69,19,0.10667792640007079,0.08112924014078743,0.42777320026257715,0.08234872304785988,0.172439460609722,0.6063507456721918,0.958793308970173,0.5456731413175528,0.9871633357421481,0.0004368385998532176,0.005624150857329369,0.00012001655118657584
DOF2_DOF6_DOF7,"[2, 6, 7]",70,19,0.10694797439627066,0.08287688367277306,0.3833825539840782,0.07363183290667218,0.17984909395420215,0.5930625692868244,0.9622379883127218,0.6084005370457086,0.9876642583357992,0.0008266598147441217,0.009795007295906544,0.00010871795234311509
DOF1_DOF4_DOF7,"[1, 4, 7]",71,19,0.10734256941530614,0.07918598616992543,0.3881368757427882,0.07603535628363109,0.15011835308242444,0.7319685381435883,0.958050335484414,0.5719130781967801,0.9871553318920678,0.001223074790016797,0.01793106459081173,0.00011450181397816218
DOF1_DOF2_DOF7,"[1, 2, 7]",72,19,0.10784779165696508,0.08392072025497281,0.4456544131480194,0.08550372270390509,0.1586892993950356,0.6722411093433159,0.9578671516121464,0.5213016471162963,0.9850879796932714,0.00023887192621355337,0.0014625085750594735,0.00012839363672701183
DOF4_DOF8_DOF9,"[4, 8, 9]",73,19,0.11046149592975012,0.09495648882017191,0.332651347054165,0.05463947584774112,0.3063560132787332,0.34906434505314377,0.7247590523495715,0.48739878329116937,0.9319259212130843,0.00035158342200846066,0.0015782782575115561,0.00010166209799088322
DOF4_DOF8_DOF10,"[4, 8, 10]",74,19,0.11317621636082112,0.09609876397612015,0.35123244742801757,0.05860585145228762,0.308096652282014,0.354807228693416,0.7247106350449878,0.47938726894621564,0.9315153724643432,0.0003526471363760433,0.0014620850561186671,0.00010318561859371825
DOF2_DOF9_DOF10,"[2, 9, 10]",75,19,0.12053233899140581,0.09202929220543353,0.502070285253327,0.09593040640271722,0.19319384086328953,0.614328741816361,0.9553570777896611,0.5441666233801405,0.9781064054813364,0.000854351131573295,0.009494948200881481,0.00012667537550945448
DOF4_DOF5_DOF7,"[4, 5, 7]",76,19,0.12791897219510218,0.10618626130793614,0.429199312245917,0.07491827819045496,0.31988249107892497,0.3844478713519721,0.7745171874030844,0.5944636441142863,0.9410085168063212,0.00032830931702751274,0.0011976093519479036,0.00012901881899220175
DOF1_DOF2_DOF10,"[1, 2, 10]",77,19,0.12839602922635504,0.10090839578012462,0.5204917057899057,0.09614447228641135,0.19547779219543107,0.6630637766802195,0.9473213538350473,0.4221360448766872,0.9742099544220776,0.0004943875553037383,0.0027543732430785894,0.00014810279550443202
DOF4_DOF6_DOF7,"[4, 6, 7]",78,19,0.13085770369778915,0.10909237541947166,0.43169795972997527,0.07469528544877474,0.3256395555763407,0.38702942225612463,0.7606910256232275,0.6083706351519775,0.937012375448931,0.0003213573256384973,0.0012059530708938837,0.0001292931420466557
DOF4_DOF9_DOF10,"[4, 9, 10]",79,19,0.13117774398940166,0.10798923803919727,0.4800058413563015,0.08510550646684743,0.3230808894531623,0.3859089049303752,0.7099916227170461,0.39059347003996414,0.9226034099036838,0.0003249355129235865,0.0012361190747469664,0.00012853730936225176
DOF1_DOF9_DOF10,"[1, 9, 10]",80,19,0.1508622967127327,0.1187463004146074,0.5469371966259434,0.10139881130211104,0.2163312573351838,0.6997846313962434,0.942121080702455,0.47242285729044664,0.9682876970780483,0.0014038622918489732,0.013811510987579823,0.00015021428113500893
DOF5_DOF6_DOF9,"[5, 6, 9]",81,19,0.18848044329092245,0.17235042904734496,0.43551697518570176,0.06046206843387993,0.4133725126985465,0.4491889416179308,0.2661259405371369,-0.024771969790000403,0.8002149013400608,0.0005059989405134203,0.0026418522465974092,0.0001548916131432811
DOF1_DOF2_DOF6,"[1, 2, 6]",82,19,0.1887137673923084,0.16036759171001438,0.5588000986141926,0.0943535232572953,0.2306963845408465,0.829419190626435,0.9042970525056484,0.22379349780960256,0.9671395966457426,0.0005358470627566261,0.004700211342424154,0.00019276994369850717
DOF1_DOF3_DOF6,"[1, 3, 6]",83,19,0.18897694250945715,0.16204554247869543,0.5502667382902384,0.09219889706058139,0.23064483042341583,0.8318653363839525,0.9056794580885068,0.2416756802437604,0.9682555269225886,0.0005757937567403516,0.00555390864610672,0.0001893774482905676
DOF1_DOF5_DOF6,"[1, 5, 6]",84,19,0.18926174363648512,0.16319987141405598,0.5467061465112516,0.09103509904792129,0.2408617800318872,0.8004548812413892,0.9081320781538718,0.2572578416252813,0.9697739465883766,0.0004485102809236483,0.003024032339453697,0.0001858054553329704
DOF5_DOF6_DOF10,"[5, 6, 10]",85,19,0.18991371966220547,0.17408708584950772,0.4488712966194139,0.063113930692418,0.4182244623159197,0.4469039007896893,0.2652138527663498,-0.024750176890329767,0.8003678511020664,0.00040793852071816986,0.0010575796477496624,0.0001545806024702517
DOF2_DOF4_DOF6,"[2, 4, 6]",86,19,0.19002517428062002,0.16356191250916657,0.5591797976240896,0.09403237081630415,0.24797369589616886,0.7715855671072316,0.9069526375925491,0.250955856778993,0.969432849479745,0.0002589397906711766,0.0009814815130084753,0.00018675088877384444
DOF5_DOF6_DOF8,"[5, 6, 8]",87,19,0.19071259121246745,0.1724483822621435,0.46358154230627074,0.06713259683022199,0.41592983253423144,0.45113763341166285,0.26664068858491735,-0.024734798358511556,0.7985211704642756,0.0005632280724392714,0.0030048552434891462,0.00016226994911160836
DOF2_DOF3_DOF6,"[2, 3, 6]",88,19,0.19074632067508862,0.1629149897121948,0.5666573717189257,0.09560327181714777,0.245568143883974,0.7828216419840439,0.9055908777365603,0.24146376778890044,0.9682262283091593,0.0004054872846800687,0.0035778291057795286,0.00018921055864258303
DOF2_DOF5_DOF6,"[2, 5, 6]",89,19,0.19076109775909145,0.1641098431658808,0.5587317014389696,0.09370441182139932,0.2525795707735293,0.7606528490265669,0.9082253808366619,0.2571797456632403,0.9697790493906907,0.00033680218161622947,0.002046317793428898,0.00018482270293574416
DOF1_DOF4_DOF6,"[1, 4, 6]",90,19,0.19224623976765046,0.16166283164842285,0.5427671148959131,0.09106350132301919,0.233911889433739,0.8379640979365222,0.9044384791292209,0.2524346249345155,0.9682564910962672,0.0012652969677506725,0.018338344991207123,0.00018724781726715757
DOF3_DOF4_DOF6,"[3, 4, 6]",91,19,0.1927167646048942,0.1659553264839513,0.5686522777017703,0.09546779557721966,0.2911773999953593,0.654951845988051,0.906768545470849,0.25053402646381284,0.9648902201430616,0.00021832657588866393,0.0010467597749084234,0.00018728938655400955
DOF3_DOF5_DOF6,"[3, 5, 6]",92,19,0.19370763794962992,0.1669101433260406,0.5684136601516949,0.0952121923060292,0.29574835930185744,0.647969444129337,0.9057755302186793,0.25717792530391925,0.9646283013571293,0.00024224221468964395,0.0010670142946764827,0.0001855106665351973
DOF5_DOF7_DOF8,"[5, 7, 8]",93,19,0.19840671270231366,0.181470417405619,0.46846881972182813,0.06579988668647184,0.4236514012649645,0.4613853866473923,0.24064911654420565,-0.059094964377640835,0.7897593697689388,0.00045614198346524253,0.0011472204932942986,0.00016604640821750232
DOF5_DOF7_DOF9,"[5, 7, 9]",94,19,0.19871739916254585,0.18274974989869777,0.44638555285626974,0.0605824931508705,0.4206195945942095,0.4658869230780419,0.23735193241708896,-0.05968005292195144,0.7895353706494156,0.00045144171484648004,0.0016157095087692142,0.0001600783001331239
DOF5_DOF7_DOF10,"[5, 7, 10]",95,19,0.20053807675367263,0.1843273808647729,0.4624829355370413,0.06378725135829345,0.4243616895412729,0.46545160983263456,0.23379628486573806,-0.06217251948025071,0.7897419215483759,0.000426007224871826,0.0008897311636246741,0.0001601741745340414
DOF4_DOF5_DOF6,"[4, 5, 6]",96,19,0.20903238407740002,0.18164062777086182,0.5962015320587915,0.09794031275866703,0.3681144731355228,0.5566296918136693,0.7576946908700484,0.25714001143975196,0.9215662968105102,0.0003540213863169284,0.0013691427884623408,0.00019645855839154806
DOF5_DOF6_DOF7,"[5, 6, 7]",97,19,0.2092591588430973,0.18722274967648908,0.5736293642572031,0.08912089718797205,0.4343013741192488,0.47197538804261774,0.26942209840744263,-0.024749470445486255,0.7928773886547521,0.0004690243222285062,0.0016488938126713037,0.0001889925685342835
DOF5_DOF8_DOF9,"[5, 8, 9]",98,19,0.209953844558124,0.19340245847384224,0.4765373986571674,0.06513123165738981,0.4291475273785605,0.4821694070222685,0.20805186371347384,-0.12049405448873962,0.7785766446341785,0.0004457638409037731,0.0015117151197046041,0.00016868108220544623
DOF5_DOF8_DOF10,"[5, 8, 10]",99,19,0.21236092484311123,0.19484360625493188,0.4954444101570597,0.06902454823027906,0.4326106457349639,0.4831521974821836,0.20546691998892164,-0.12519798307856322,0.7782296121693735,0.0004081488127428058,0.001025581848807633,0.00016919773410887734
DOF5_DOF9_DOF10,"[5, 9, 10]",100,19,0.22718546291943484,0.20579852335237633,0.5701695153121845,0.08375319048727177,0.44282904343161206,0.5030775268786009,0.1830439364159339,-0.19598766818719104,0.7671515786106051,0.0004468388919792089,0.001440207939594984,0.00018318408075103948
DOF1_DOF2_DOF5,"[1, 2, 5]",101,19,0.28734790905406393,0.2609819363748517,0.6776015567504848,0.09954413523437264,0.3229999473495203,0.8959945896066979,0.8242798690030776,-0.02630324345056101,0.930026438022891,0.0002785841777375409,0.0015658697811886668,0.0002720881175197339
DOF1_DOF3_DOF5,"[1, 3, 5]",102,19,0.2893275152130258,0.2628983034613764,0.6781933841355874,0.09933642271565092,0.3260837362348158,0.893819283180028,0.8250095550560794,-0.017274943634604245,0.9310837856583885,0.00027909287439941083,0.0018769202288240194,0.0002700958383420378
DOF1_DOF4_DOF5,"[1, 4, 5]",103,19,0.29145018863599265,0.26464289704305266,0.6754158003432937,0.0983165223830595,0.3310873970454221,0.8876436539824806,0.8255978818836551,-0.012441373460154503,0.9317669836285011,0.00030507441031084835,0.0014304150827229023,0.00026853112655146963
DOF2_DOF3_DOF5,"[2, 3, 5]",104,19,0.29230266451707076,0.26450853963051035,0.6983725895988573,0.1034248586906948,0.3377258593533002,0.8702915076431657,0.8249353141267377,-0.017418503267643493,0.9310452375596455,0.00023766510812014245,0.0010137776844203472,0.00027007882991609145
DOF2_DOF4_DOF5,"[2, 4, 5]",105,19,0.2940445608488864,0.2666997612364572,0.6952837908775157,0.10243461857090753,0.3420504996172074,0.8643023674457221,0.825859161391657,-0.012470964017999853,0.9320098690046024,0.00021564355617891508,0.0009864469757303596,0.0002684319516758824
DOF3_DOF4_DOF5,"[3, 4, 5]",106,19,0.2981164355649613,0.270420391417051,0.7062018972032167,0.10420556016774775,0.37460011802417315,0.7950686427794263,0.8259136802913292,-0.012570214992180473,0.9267035239876352,0.00025995306159051036,0.0010513949673622847,0.0002689366273744714
DOF6_DOF7_DOF8,"[6, 7, 8]",107,19,0.321595039431395,0.30397586317073694,0.621217185469859,0.07305106774781445,0.549067833425092,0.5825354687596436,-0.4756375536086156,-0.6154146499994517,0.5432881355017251,0.0005050872048167022,0.0015500981826335192,0.0002447138950660548
DOF6_DOF7_DOF9,"[6, 7, 9]",108,19,0.3240869925240717,0.30720033014984305,0.6098044174584412,0.06968206278570119,0.550109704639388,0.5856396350732354,-0.4773569690645456,-0.6180579634955814,0.544286937073158,0.00048645455114494423,0.0014817211776971817,0.0002401407080096327
DOF6_DOF7_DOF10,"[6, 7, 10]",109,19,0.32741314346091954,0.3102635598931186,0.6305322669098143,0.07381427844605971,0.5555304977694617,0.5855320155716146,-0.4744468556020656,-0.6175081480525619,0.5449641985206328,0.0004457847880027992,0.0012238170020282269,0.00024006517270259826
DOF6_DOF8_DOF9,"[6, 8, 9]",110,19,0.3359269378748035,0.3197815737602421,0.6126983802617012,0.06751164078152862,0.5603188205250939,0.5963883665685668,-0.4987656651945471,-0.6447709829356478,0.5336566540703752,0.00044572084076016356,0.0012197884498164058,0.00024387658424641182
DOF6_DOF8_DOF10,"[6, 8, 10]",111,19,0.3397503529213447,0.32272851389808255,0.6337755400702932,0.07171605359485156,0.5655948354479963,0.5972105631551874,-0.4996311192067827,-0.6445647073973191,0.533461615483006,0.00043799682661253765,0.0012090029194951057,0.00024391408996051272
DOF6_DOF9_DOF10,"[6, 9, 10]",112,19,0.3522860765325794,0.3346965997744829,0.6629615034311186,0.07577795518016744,0.5758276738492496,0.6081842724985603,-0.5186784235127623,-0.6674372115094036,0.5232121163909469,0.0004177405253836983,0.0012058006832376122,0.000249017664183782
DOF1_DOF2_DOF4,"[1, 2, 4]",113,19,0.40116084200427143,0.3778564896388104,0.783081671939819,0.09690880478340629,0.4327314488086473,0.9319640456826299,0.7208160627570417,-0.15216877521195626,0.8642311954701671,0.0003383515224988131,0.0014811491128057241,0.0003598961851925147
DOF1_DOF3_DOF4,"[1, 3, 4]",114,19,0.40451467124835877,0.38075727680956645,0.7883007006936407,0.09750965570765201,0.43756369414656965,0.9295644538618266,0.7207575503698559,-0.14972968570711154,0.865346497963227,0.00033735288506202206,0.0012342629488557577,0.0003584554457658963
DOF2_DOF3_DOF4,"[2, 3, 4]",115,19,0.4084161274083827,0.38330102082812023,0.8113494450497402,0.10203969214112073,0.44773398448027923,0.9168940502341403,0.72104693767281,-0.14960332643606122,0.8651646204549367,0.0003624587950884904,0.001491332077421248,0.0003584645674079678
DOF7_DOF8_DOF9,"[7, 8, 9]",116,19,0.4710916064677543,0.45561218327045705,0.714698331966147,0.06087723731708332,0.6862655514315309,0.685085706805442,-1.2664808639169483,-1.5686327517223448,0.2323354056055629,0.0004481564652738406,0.0013636399526149035,0.0003153425857963072
DOF7_DOF8_DOF10,"[7, 8, 10]",117,19,0.4761013465172211,0.4597090678038181,0.7387353760694719,0.06549903348313957,0.6931372159765905,0.6852877404228931,-1.266217876387918,-1.5656159868376696,0.2325377319321252,0.00042540091855794584,0.0013523994712159038,0.000315265476307311
DOF7_DOF9_DOF10,"[7, 9, 10]",118,19,0.48990357596006645,0.47276512702077267,0.7610209425552872,0.06774813113525124,0.7054470565943786,0.6928759848528699,-1.274959572728467,-1.5704947453631966,0.22472631003778254,0.000420079828472808,0.0013303987216204405,0.00031830419138401047
DOF1_DOF2_DOF3,"[1, 2, 3]",119,19,0.5271115676451688,0.5061107502077015,0.866569342716342,0.08513742653822545,0.5587930386422578,0.9494864613659019,0.5928949218440612,-0.15315125501354032,0.7576090185276771,0.0005198678087541147,0.0017173121450468898,0.0004527408391785562
DOF8_DOF9_DOF10,"[8, 9, 10]",120,19,0.6215592729063493,0.6024618481547963,0.9175204989162055,0.078387867906932,0.8261243188285223,0.7503109213847141,-1.9632420719887882,-2.525257165431291,-0.07664721390197887,0.00037534392169235567,0.0010885229567065835,0.0003912173444106671
