case_id,split,mask_name,sensor_indices_0based,sensor_floors_1based,reconstructed_indices_0based,reconstructed_floors_1based,n_time_used,prior_nrmse_unmonitored,prior_worst_reconstructed_R2,rmse_unmonitored,nrmse_unmonitored,rmse_monitored,nrmse_monitored,mean_reconstructed_R2,worst_reconstructed_R2,worst_reconstructed_RMSE,mean_sensor_R2,worst_sensor_R2,true_p_fd,prior_loss,smooth_loss,spatial_smooth_loss,energy_loss,ic_loss,prediction_csv,plot_png
train_000_example1,train,DOF2_DOF5,"[1, 4]","[2, 5]","[0, 2, 3]","[1, 3, 4]",1200,0.23983151106378764,0.3196618412148914,0.0003182578907762841,0.09469891399569565,9.827354434017418e-11,2.479421494577843e-08,0.9868451060315903,0.9772371581824246,0.0003647757606752259,0.9999999999999993,0.9999999999999993,0.03502818942070007,0.06470291316509247,0.0006858043489046395,0.03042251244187355,0.0,1.9493988645535865e-09,pc_virtual_sensing_enum10_results\predictions\train_000_example1_DOF2_DOF5_prediction.csv,pc_virtual_sensing_enum10_results\plots\train_000_example1_DOF2_DOF5_plot.png
train_000_example1,train,DOF2_DOF4,"[1, 3]","[2, 4]","[0, 2, 4]","[1, 3, 5]",1200,0.25673011392853856,0.3196618412148914,0.0003967623193388772,0.10982812047626705,9.619633695902841e-11,2.6602799241947198e-08,0.983239854257613,0.9722495329291032,0.0005053201193468387,0.9999999999999993,0.9999999999999992,0.01346250157803297,0.0714954137802124,0.0007788072689436376,0.042955432087183,0.0,1.496727075611659e-09,pc_virtual_sensing_enum10_results\predictions\train_000_example1_DOF2_DOF4_prediction.csv,pc_virtual_sensing_enum10_results\plots\train_000_example1_DOF2_DOF4_plot.png
train_000_example1,train,DOF1_DOF5,"[0, 4]","[1, 5]","[1, 2, 3]","[2, 3, 4]",1200,0.23323245525220204,0.8889659560813185,0.00043834033560111207,0.12180923476979248,9.074733610088799e-11,2.495187839100635e-08,0.9828365553814566,0.9745455579301036,0.0005685268471627224,0.9999999999999993,0.9999999999999993,0.041739322245121,0.03897896036505699,0.000816452200524509,0.024780668318271637,0.0,3.769943912601548e-09,pc_virtual_sensing_enum10_results\predictions\train_000_example1_DOF1_DOF5_prediction.csv,pc_virtual_sensing_enum10_results\plots\train_000_example1_DOF1_DOF5_plot.png
train_000_example1,train,DOF3_DOF4,"[2, 3]","[3, 4]","[0, 1, 4]","[1, 2, 5]",1200,0.4880095279636287,-1.3667199251558428,0.00043421057143685376,0.12940750441421922,1.0702574421284098e-10,2.6956087438600874e-08,0.9547954326789588,0.9006795693544474,0.00048678783857177644,0.9999999999999993,0.9999999999999992,0.011401565745472908,0.14714284241199493,0.0005047713057138026,0.03610480576753616,0.0,1.0334088029750887e-09,pc_virtual_sensing_enum10_results\predictions\train_000_example1_DOF3_DOF4_prediction.csv,pc_virtual_sensing_enum10_results\plots\train_000_example1_DOF3_DOF4_plot.png
train_000_example1,train,DOF1_DOF4,"[0, 3]","[1, 4]","[1, 2, 4]","[2, 3, 5]",1200,0.20865698946098576,0.9196315037232857,0.000591391896506592,0.15421581432754744,8.849364235108805e-11,2.7189901509418054e-08,0.9752465991564095,0.9689600409488446,0.0006974483015780615,0.9999999999999993,0.9999999999999992,0.01903730258345604,0.020899616181850433,0.0007612014305777848,0.03590516000986099,0.0,4.422134658454979e-09,pc_virtual_sensing_enum10_results\predictions\train_000_example1_DOF1_DOF4_prediction.csv,pc_virtual_sensing_enum10_results\plots\train_000_example1_DOF1_DOF4_plot.png
train_000_example1,train,DOF3_DOF5,"[2, 4]","[3, 5]","[0, 1, 3]","[1, 2, 4]",1200,0.5032165712861514,-1.3667199251558428,0.0005627890613719768,0.18257009429279586,1.0889657569068784e-10,2.5387947326041555e-08,0.9233702778861134,0.8354188618960965,0.0006515551137863337,0.9999999999999993,0.9999999999999993,0.03162955865263939,0.12579326331615448,0.00035620646667666733,0.02671036124229431,0.0,1.0882530432354542e-09,pc_virtual_sensing_enum10_results\predictions\train_000_example1_DOF3_DOF5_prediction.csv,pc_virtual_sensing_enum10_results\plots\train_000_example1_DOF3_DOF5_plot.png
train_000_example1,train,DOF2_DOF3,"[1, 2]","[2, 3]","[0, 3, 4]","[1, 4, 5]",1200,0.43468310149956846,0.3196618412148914,0.0007671385360757455,0.197453024760688,8.116711957903522e-11,2.5654661156630012e-08,0.9710635783423537,0.9464069367817584,0.0011364384620839475,0.9999999999999993,0.9999999999999993,0.01433382648974657,0.13113342225551605,0.0005738361505791545,0.05019015818834305,0.0,1.6972738769993612e-09,pc_virtual_sensing_enum10_results\predictions\train_000_example1_DOF2_DOF3_prediction.csv,pc_virtual_sensing_enum10_results\plots\train_000_example1_DOF2_DOF3_plot.png
train_000_example1,train,DOF1_DOF3,"[0, 2]","[1, 3]","[1, 3, 4]","[2, 4, 5]",1200,0.3772557034721282,0.7865226168727654,0.0008111577806730555,0.1981986272402938,7.187134890194251e-11,2.6196623111446033e-08,0.9683434526910576,0.9423971392773235,0.0011781854619278354,0.9999999999999993,0.9999999999999993,0.01926340162754059,0.06572186946868896,0.0007438332540914416,0.04541352391242981,0.0,4.044699242200522e-09,pc_virtual_sensing_enum10_results\predictions\train_000_example1_DOF1_DOF3_prediction.csv,pc_virtual_sensing_enum10_results\plots\train_000_example1_DOF1_DOF3_plot.png
train_000_example1,train,DOF1_DOF2,"[0, 1]","[1, 2]","[2, 3, 4]","[3, 4, 5]",1200,0.5934886478189051,0.5188610285561561,0.0015880617207202046,0.3687989044388896,5.444920672523362e-11,2.475286580853711e-08,0.8792573223203032,0.8105046763240089,0.002136932882364121,0.9999999999999993,0.9999999999999993,0.02437782846391201,0.20276932418346405,0.00046618017950095236,0.11324051022529602,0.0,4.598669889332996e-09,pc_virtual_sensing_enum10_results\predictions\train_000_example1_DOF1_DOF2_prediction.csv,pc_virtual_sensing_enum10_results\plots\train_000_example1_DOF1_DOF2_plot.png
train_000_example1,train,DOF4_DOF5,"[3, 4]","[4, 5]","[0, 1, 2]","[1, 2, 3]",1200,0.9457306564738034,-4.003004340680563,0.0011313666469939003,0.4142637161954768,1.205159663311681e-10,2.6013000278567576e-08,0.7088196072253115,0.4397684522704761,0.0014092120801667833,0.9999999999999993,0.9999999999999992,0.03195662796497345,0.13872291147708893,0.00023079890524968505,0.02100750245153904,0.0,7.474594831968773e-10,pc_virtual_sensing_enum10_results\predictions\train_000_example1_DOF4_DOF5_prediction.csv,pc_virtual_sensing_enum10_results\plots\train_000_example1_DOF4_DOF5_plot.png
